Longtude,Latitude,Name,Type
27.25178,-16.76755,Batoka ,Health Centre
27.47876119,-16.65355476,Jembo Mission,Hospital
27.55515595,-16.57581762,Kasikili ,Rural Health Centre
27.2744,-16.52893,Kasiya ,Rural Health Centre
26.88829524,-16.80581762,Kazimaulu ,Rural Health Centre
26.79721357,-16.42676357,Macha ,Hospital
27.04466357,-16.34787762,Mangunza,Rural Health Centre
26.9056,-16.25417,Mapanza ,Rural Health Centre
27.11533,-17.20439,Masuku Mine,Hospital
27.10148,-17.27007,Masuku ,Rural Health Centre
26.958,-16.56431,Mbabala ,Rural Health Centre
27.43663152,-16.79563942,Moyo ,Rural Health Centre
27.31303,-16.68228,Muzoka ,Rural Health Centre
26.91202423,-17.04404365,Nakeempa,Rural Health Centre
26.94463881,-16.39344952,Nalube ,Rural Health Centre
27.36718,-16.51702,Pemba ,Urban Health Centre
26.94262643,-16.72179524,Popota,Urban Health Centre
26.96583,-16.8214,Shapande,Urban Health Centre
26.99137389,-16.77978948,Njase ,Rural Health Centre
26.96671733,-16.81336436,Choma ,Hospital
27.22827184,-16.97204619,Sikalongo ,Rural Health Centre
