Wards,Diseases,Cases
Batoka,Malaria,1000
Bbombo,Bilhazia,600
Bweengwa,Diarrhea,400
Chilalantambo,Tapeworms,250
Habunkulu,Malaria,300
Hamaundu,Malaria,200
Hatontola,Tapeworms,100
Kabimba,Malaria,100
Kalundanya,HIV/AIDS,1000
Kasiya,Malaria,300
Katimba,Diarrhoe,200
Kauba,Malaria,100
Maambo,Tapeworms,200
Mabula,HIV/AIDS,400
Macha,Diarrhoe,50
Manguza,Malaria,40
Mapanza,Tapeworms,600
Mbabala,Diarrhoe,300
Muuka,Diarrhoe,200
Nachibanga,Tapeworms,300
Nakeempa,Diarrhoe,300
Namuswa,Diarrhoe,200
Pemba,Diarrhoe,500
Siasikabole,Malaria,100
Sikalundu,HIV/AIDS,200
Simacheche,HIV/AIDS,20
Simaubi,Malaria,200
Simavwa,Diarrhoe,400
Simayakwe,Diarrhoe,400
Singani,Diarrhoe,50
Stateland,Tapeworms,500
