<?xml version="1.0"?>
<!--<!DOCTYPE metadata SYSTEM "http://www.esri.com/metadata/esriprof80.dtd">-->
<metadata xml:lang="en"><Esri><CreaDate>20150128</CreaDate><CreaTime>00134400</CreaTime><SyncOnce>FALSE</SyncOnce><SyncDate>20120716</SyncDate><SyncTime>12012300</SyncTime><ModDate>20120716</ModDate><ModTime>12012300</ModTime><DataProperties><lineage><Process ToolSource="C:\Program Files\ArcGIS\ArcToolbox\Toolboxes\Data Management Tools.tbx\CopyFeatures" Date="20080128" Time="113907">CopyFeatures F:\GIS_Projects\Districts\Livingstone\Shape\roadcenter.shp F:\GIS_Projects\Districts\Livingstone\data_livingstone.gdb\roadcenter # 0 0 0</Process><Process Name="Project_1" ToolSource="C:\Program Files\ArcGIS\ArcToolbox\Toolboxes\Data Management Tools.tbx\Project" Date="20080722" Time="104112">Project roadcenter_aligned F:\GIS_Projects\Districts\Livingstone\data_livingstone.gdb\roadcenter_aligned2 PROJCS['WGS_1984_UTM_Zone_35S',GEOGCS['GCS_WGS_1984',DATUM['D_WGS_1984',SPHEROID['WGS_1984',6378137.0,298.257223563]],PRIMEM['Greenwich',0.0],UNIT['Degree',0.0174532925199433]],PROJECTION['Transverse_Mercator'],PARAMETER['False_Easting',500000.0],PARAMETER['False_Northing',10000000.0],PARAMETER['Central_Meridian',27.0],PARAMETER['Scale_Factor',0.9996],PARAMETER['Latitude_Of_Origin',0.0],UNIT['Meter',1.0]] Arc_1950_To_WGS_1984_8 PROJCS['Arc_1950_UTM_Zone_35S',GEOGCS['GCS_Arc_1950',DATUM['D_Arc_1950',SPHEROID['Clarke_1880_Arc',6378249.145,293.466307656]],PRIMEM['Greenwich',0.0],UNIT['Degree',0.0174532925199433]],PROJECTION['Transverse_Mercator'],PARAMETER['False_Easting',500000.0],PARAMETER['False_Northing',10000000.0],PARAMETER['Central_Meridian',27.0],PARAMETER['Scale_Factor',0.9996],PARAMETER['Latitude_Of_Origin',0.0],UNIT['Meter',1.0]]</Process><Process Name="Merge_3" ToolSource="C:\Program Files\ArcGIS\ArcToolbox\Toolboxes\Data Management Tools.tbx\Merge" Date="20080919" Time="145410">Merge F:\GIS_Projects\Districts\Livingstone\data_livingstone.gdb\roadcenter_old;F:\GIS_Projects\Districts\Livingstone\data_livingstone.gdb\Tracks_wgs84utm F:\GIS_Projects\Districts\Livingstone\data_livingstone.gdb\roadcenter "ID ID true true false 4 Long 0 0 ,First,#,F:\GIS_Projects\Districts\Livingstone\data_livingstone.gdb\roadcenter_old,ID,-1,-1,F:\GIS_Projects\Districts\Livingstone\data_livingstone.gdb\Tracks_wgs84utm,Id,-1,-1;NAME NAME true true false 16 Text 0 0 ,First,#,F:\GIS_Projects\Districts\Livingstone\data_livingstone.gdb\roadcenter_old,NAME,-1,-1;name2 name2 true true false 50 Text 0 0 ,First,#,F:\GIS_Projects\Districts\Livingstone\data_livingstone.gdb\roadcenter_old,name2,-1,-1;type type true true false 2 Short 0 0 ,First,#,F:\GIS_Projects\Districts\Livingstone\data_livingstone.gdb\roadcenter_old,type,-1,-1,F:\GIS_Projects\Districts\Livingstone\data_livingstone.gdb\Tracks_wgs84utm,track_subtype,-1,-1;Shape_Length Shape_Length false true true 8 Double 0 0 ,First,#,F:\GIS_Projects\Districts\Livingstone\data_livingstone.gdb\roadcenter_old,Shape_Length,-1,-1,F:\GIS_Projects\Districts\Livingstone\data_livingstone.gdb\Tracks_wgs84utm,Shape_Length,-1,-1;track_subtype track_subtype true true false 2 Short 0 0 ,First,#,F:\GIS_Projects\Districts\Livingstone\data_livingstone.gdb\Tracks_wgs84utm,track_subtype,-1,-1"</Process><Process ToolSource="C:\Program Files\ArcGIS\ArcToolbox\Toolboxes\Conversion Tools.tbx\FeatureClassToFeatureClass" Date="20100423" Time="085336">FeatureClassToFeatureClass F:\GIS_Projects\Districts\Livingstone\data_livingstone.gdb\roadcenter "C:\Documents and Settings\gisuser\Desktop\GIS_Training_2010" Roadcentre.shp # "ID 'ID' true true false 4 Long 0 0 ,First,#,F:\GIS_Projects\Districts\Livingstone\data_livingstone.gdb\roadcenter,ID,-1,-1;NAME 'NAME' true true false 16 Text 0 0 ,First,#,F:\GIS_Projects\Districts\Livingstone\data_livingstone.gdb\roadcenter,NAME,-1,-1;name2 'name2' true true false 50 Text 0 0 ,First,#,F:\GIS_Projects\Districts\Livingstone\data_livingstone.gdb\roadcenter,name2,-1,-1;type 'type' true true false 2 Short 0 0 ,First,#,F:\GIS_Projects\Districts\Livingstone\data_livingstone.gdb\roadcenter,type,-1,-1;Shape_Leng 'Shape_Length' false true true 8 Double 0 0 ,First,#,F:\GIS_Projects\Districts\Livingstone\data_livingstone.gdb\roadcenter,Shape_Length,-1,-1;Mosi_outun 'Mosi_outun' true true false 50 Text 0 0 ,First,#,F:\GIS_Projects\Districts\Livingstone\data_livingstone.gdb\roadcenter,Mosi_outunya_road,-1,-1;Old_Name 'Old_Name' true true false 50 Text 0 0 ,First,#,F:\GIS_Projects\Districts\Livingstone\data_livingstone.gdb\roadcenter,Old_Name,-1,-1;name2short 'name2short' true true false 50 Text 0 0 ,First,#,F:\GIS_Projects\Districts\Livingstone\data_livingstone.gdb\roadcenter,name2short,-1,-1" # "C:\Documents and Settings\gisuser\Desktop\GIS_Training_2010\Roadcentre.shp"</Process></lineage><itemProps><itemLocation><linkage Sync="TRUE">file://\\GARY-PC\D$\Survey\Inhouse GIS training\GIS training data\Roadcentre</linkage><protocol Sync="TRUE">Local Area Network</protocol></itemLocation></itemProps><copyHistory><copy source="D:\Zvwese\GIS_Training_Data\Roadcentre" dest="\\GARY-PC\D$\Survey\Inhouse GIS training\GIS training data\Roadcentre" date="20150128" time="00134400"></copy></copyHistory></DataProperties></Esri><idinfo><native Sync="TRUE">Microsoft Windows Vista Version 6.1 (Build 7600) ; ESRI ArcCatalog 9.3.0.1770</native><descript><langdata Sync="TRUE">en</langdata><abstract>REQUIRED: A brief narrative summary of the data set.</abstract><purpose>REQUIRED: A summary of the intentions with which the data set was developed.</purpose></descript><citation><citeinfo><origin>REQUIRED: The name of an organization or individual that developed the data set.</origin><pubdate>REQUIRED: The date when the data set is published or otherwise made available for release.</pubdate><title Sync="TRUE">Roadcentre</title><ftname Sync="TRUE">Roadcentre</ftname><geoform Sync="TRUE">vector digital data</geoform><onlink Sync="TRUE">\\GARIKAI\Users\GM Guests\Desktop\GIS_Training_Data\Roadcentre.shp</onlink></citeinfo></citation><timeperd><current>REQUIRED: The basis on which the time period of content information is determined.</current><timeinfo><sngdate><caldate>REQUIRED: The year (and optionally month, or month and day) for which the data set corresponds to the ground.</caldate></sngdate></timeinfo></timeperd><status><progress>REQUIRED: The state of the data set.</progress><update>REQUIRED: The frequency with which changes and additions are made to the data set after the initial data set is completed.</update></status><spdom><bounding><westbc Sync="TRUE">25.498067</westbc><eastbc Sync="TRUE">26.069135</eastbc><northbc Sync="TRUE">-17.499551</northbc><southbc Sync="TRUE">-18.002100</southbc></bounding><lboundng><leftbc Sync="TRUE">340985.269800</leftbc><rightbc Sync="TRUE">401180.214600</rightbc><bottombc Sync="TRUE">8009333.363600</bottombc><topbc Sync="TRUE">8064555.709400</topbc></lboundng></spdom><keywords><theme><themekt>REQUIRED: Reference to a formally registered thesaurus or a similar authoritative source of theme keywords.</themekt><themekey>REQUIRED: Common-use word or phrase used to describe the subject of the data set.</themekey></theme></keywords><accconst>REQUIRED: Restrictions and legal prerequisites for accessing the data set.</accconst><useconst>REQUIRED: Restrictions and legal prerequisites for using the data set after access is granted.</useconst><natvform Sync="TRUE">Shapefile</natvform></idinfo><dataIdInfo><envirDesc Sync="TRUE">Microsoft Windows Vista Version 6.1 (Build 7600) ; ESRI ArcCatalog 9.3.0.1770</envirDesc><dataLang><languageCode Sync="TRUE" value="en"></languageCode></dataLang><idCitation><resTitle Sync="TRUE">Roadcentre</resTitle><presForm><PresFormCd Sync="TRUE" value="005"></PresFormCd></presForm></idCitation><spatRpType><SpatRepTypCd Sync="TRUE" value="001"></SpatRepTypCd></spatRpType><dataExt><geoEle><GeoBndBox esriExtentType="native"><westBL Sync="TRUE">340985.2698</westBL><eastBL Sync="TRUE">401180.2146</eastBL><northBL Sync="TRUE">8064555.7094</northBL><southBL Sync="TRUE">8009333.3636</southBL><exTypeCode Sync="TRUE">1</exTypeCode></GeoBndBox></geoEle></dataExt><geoBox esriExtentType="decdegrees"><westBL Sync="TRUE">25.498067</westBL><eastBL Sync="TRUE">26.069135</eastBL><northBL Sync="TRUE">-17.499551</northBL><southBL Sync="TRUE">-18.0021</southBL><exTypeCode Sync="TRUE">1</exTypeCode></geoBox><idAbs>Source: Livingstone Database.
Rectified, corrected and updated from GoogleEarth imagery dating probably from 2005.</idAbs></dataIdInfo><metainfo><langmeta Sync="TRUE">en</langmeta><metstdn Sync="TRUE">FGDC Content Standards for Digital Geospatial Metadata</metstdn><metstdv Sync="TRUE">FGDC-STD-001-1998</metstdv><mettc Sync="TRUE">local time</mettc><metc><cntinfo><cntorgp><cntper>REQUIRED: The person responsible for the metadata information.</cntper><cntorg>REQUIRED: The organization responsible for the metadata information.</cntorg></cntorgp><cntaddr><addrtype>REQUIRED: The mailing and/or physical address for the organization or individual.</addrtype><city>REQUIRED: The city of the address.</city><state>REQUIRED: The state or province of the address.</state><postal>REQUIRED: The ZIP or other postal code of the address.</postal></cntaddr><cntvoice>REQUIRED: The telephone number by which individuals can speak to the organization or individual.</cntvoice></cntinfo></metc><metd Sync="TRUE">20120716</metd><metextns><onlink Sync="TRUE">http://www.esri.com/metadata/esriprof80.html</onlink><metprof Sync="TRUE">ESRI Metadata Profile</metprof></metextns></metainfo><mdLang><languageCode Sync="TRUE" value="en"></languageCode></mdLang><mdStanName Sync="TRUE">ISO 19115 Geographic Information - Metadata</mdStanName><mdStanVer Sync="TRUE">DIS_ESRI1.0</mdStanVer><mdChar><CharSetCd Sync="TRUE" value="004"></CharSetCd></mdChar><mdHrLv><ScopeCd Sync="TRUE" value="005"></ScopeCd></mdHrLv><mdHrLvName Sync="TRUE">dataset</mdHrLvName><distinfo><resdesc Sync="TRUE">Downloadable Data</resdesc><stdorder><digform><digtinfo><transize Sync="TRUE">0.248</transize><dssize Sync="TRUE">0.248</dssize></digtinfo></digform></stdorder></distinfo><distInfo><distributor><distorTran><onLineSrc><orDesc Sync="TRUE">002</orDesc><linkage Sync="TRUE">file://\\GARIKAI\Users\GM Guests\Desktop\GIS_Training_Data\Roadcentre.shp</linkage><protocol Sync="TRUE">Local Area Network</protocol></onLineSrc><transSize Sync="TRUE">0.248</transSize></distorTran><distorFormat><formatName Sync="TRUE">Shapefile</formatName></distorFormat></distributor></distInfo><spdoinfo><direct Sync="TRUE">Vector</direct><ptvctinf><esriterm Name="Roadcentre"><efeatyp Sync="TRUE">Simple</efeatyp><efeageom Sync="TRUE">Polyline</efeageom><esritopo Sync="TRUE">FALSE</esritopo><efeacnt Sync="TRUE">1219</efeacnt><spindex Sync="TRUE">FALSE</spindex><linrefer Sync="TRUE">FALSE</linrefer></esriterm><sdtsterm Name="Roadcentre"><sdtstype Sync="TRUE">String</sdtstype><ptvctcnt Sync="TRUE">1219</ptvctcnt></sdtsterm></ptvctinf></spdoinfo><spatRepInfo><VectSpatRep><topLvl><TopoLevCd Sync="TRUE" value="001"></TopoLevCd></topLvl><geometObjs Name="Roadcentre"><geoObjTyp><GeoObjTypCd Sync="TRUE" value="001"></GeoObjTypCd></geoObjTyp><geoObjCnt Sync="TRUE">1219</geoObjCnt></geometObjs></VectSpatRep></spatRepInfo><eainfo><detailed Name="Roadcentre"><enttyp><enttypl Sync="TRUE">Roadcentre</enttypl><enttypt Sync="TRUE">Feature Class</enttypt><enttypc Sync="TRUE">1219</enttypc></enttyp><attr><attrlabl Sync="TRUE">Shape</attrlabl><attalias Sync="TRUE">Shape</attalias><attrtype Sync="TRUE">Geometry</attrtype><attwidth Sync="TRUE">0</attwidth><atprecis Sync="TRUE">0</atprecis><attscale Sync="TRUE">0</attscale><attrdef Sync="TRUE">Feature geometry.</attrdef><attrdefs Sync="TRUE">ESRI</attrdefs><attrdomv><udom Sync="TRUE">Coordinates defining the features.</udom></attrdomv></attr><attr><attrlabl Sync="TRUE">ID</attrlabl><attalias Sync="TRUE">ID</attalias><attrtype Sync="TRUE">Number</attrtype><attwidth Sync="TRUE">9</attwidth></attr><attr><attrlabl Sync="TRUE">NAME</attrlabl><attalias Sync="TRUE">NAME</attalias><attrtype Sync="TRUE">String</attrtype><attwidth Sync="TRUE">16</attwidth></attr><attr><attrlabl Sync="TRUE">TYPE</attrlabl><attalias Sync="TRUE">Old_Name</attalias><attrtype Sync="TRUE">String</attrtype><attwidth Sync="TRUE">50</attwidth><atprecis Sync="TRUE">0</atprecis><attscale Sync="TRUE">0</attscale></attr><subtype><stname Sync="TRUE">Track</stname><stcode Sync="TRUE">4</stcode><stfield><stfldnm Sync="TRUE">type</stfldnm><stflddv Sync="TRUE">3</stflddv></stfield></subtype><attr><attrlabl Sync="TRUE">Old_Name</attrlabl><attalias Sync="TRUE">name2short</attalias><attrtype Sync="TRUE">String</attrtype><attwidth Sync="TRUE">50</attwidth><attrdef Sync="TRUE">Internal feature number.</attrdef><attrdefs Sync="TRUE">ESRI</attrdefs><attrdomv><udom Sync="TRUE">Sequential unique whole numbers that are automatically generated.</udom></attrdomv></attr><attr><attrlabl Sync="TRUE">name2short</attrlabl><attalias Sync="TRUE">name2</attalias><attrtype Sync="TRUE">String</attrtype><attwidth Sync="TRUE">50</attwidth><attrdef Sync="TRUE">Internal feature number.</attrdef><attrdefs Sync="TRUE">ESRI</attrdefs><attrdomv><udom Sync="TRUE">Sequential unique whole numbers that are automatically generated.</udom></attrdomv></attr><attr><attrlabl Sync="TRUE">name2</attrlabl><attalias Sync="TRUE">type</attalias><attrtype Sync="TRUE">String</attrtype><attwidth Sync="TRUE">50</attwidth></attr><attr><attrlabl Sync="TRUE">type</attrlabl><attalias Sync="TRUE">Shape_Leng</attalias><attrtype Sync="TRUE">Number</attrtype><attwidth Sync="TRUE">4</attwidth><attrdef Sync="TRUE">Internal feature number.</attrdef><attrdefs Sync="TRUE">ESRI</attrdefs><attrdomv><udom Sync="TRUE">Sequential unique whole numbers that are automatically generated.</udom></attrdomv></attr><subtype><stname Sync="TRUE">Major Road</stname><stcode Sync="TRUE">1</stcode><stfield><stfldnm Sync="TRUE">type</stfldnm><stflddv Sync="TRUE">3</stflddv></stfield></subtype><subtype><stname Sync="TRUE">Road</stname><stcode Sync="TRUE">2</stcode><stfield><stfldnm Sync="TRUE">type</stfldnm><stflddv Sync="TRUE">3</stflddv></stfield></subtype><subtype><stname Sync="TRUE">Small Road</stname><stcode Sync="TRUE">3</stcode><stfield><stfldnm Sync="TRUE">type</stfldnm><stflddv Sync="TRUE">3</stflddv></stfield></subtype><attr><attrlabl Sync="TRUE">Shape_Leng</attrlabl><attalias Sync="TRUE">Mosi_outun</attalias><attrtype Sync="TRUE">Float</attrtype><attwidth Sync="TRUE">19</attwidth><atnumdec Sync="TRUE">11</atnumdec></attr><attr><attrlabl Sync="TRUE">Mosi_outun</attrlabl><attalias Sync="TRUE">FID</attalias><attrtype Sync="TRUE">String</attrtype><attwidth Sync="TRUE">50</attwidth><attrdef Sync="TRUE">Internal feature number.</attrdef><attrdefs Sync="TRUE">ESRI</attrdefs><attrdomv><udom Sync="TRUE">Sequential unique whole numbers that are automatically generated.</udom></attrdomv></attr></detailed></eainfo><mdDateSt Sync="TRUE">20120716</mdDateSt><spref><horizsys><cordsysn><geogcsn Sync="TRUE">GCS_WGS_1984</geogcsn><projcsn Sync="TRUE">WGS_1984_UTM_Zone_35S</projcsn></cordsysn><planar><planci><plance Sync="TRUE">coordinate pair</plance><plandu Sync="TRUE">meters</plandu><coordrep><absres Sync="TRUE">0.000000</absres><ordres Sync="TRUE">0.000000</ordres></coordrep></planci><gridsys><gridsysn Sync="TRUE">Universal Transverse Mercator</gridsysn><utm><utmzone Sync="TRUE">-35</utmzone><transmer><sfctrmer Sync="TRUE">0.999600</sfctrmer><longcm Sync="TRUE">27.000000</longcm><latprjo Sync="TRUE">0.000000</latprjo><feast Sync="TRUE">500000.000000</feast><fnorth Sync="TRUE">10000000.000000</fnorth></transmer></utm></gridsys></planar><geodetic><horizdn Sync="TRUE">D_WGS_1984</horizdn><ellips Sync="TRUE">WGS_1984</ellips><semiaxis Sync="TRUE">6378137.000000</semiaxis><denflat Sync="TRUE">298.257224</denflat></geodetic></horizsys><vertdef><altsys><altenc Sync="TRUE">Explicit elevation coordinate included with horizontal coordinates</altenc><altres Sync="TRUE">0.000100</altres></altsys></vertdef></spref><refSysInfo><RefSystem><refSysID><identCode Sync="TRUE">WGS_1984_UTM_Zone_35S</identCode></refSysID></RefSystem></refSysInfo><dataqual><lineage><procstep><procdesc Sync="TRUE">Dataset moved.</procdesc><srcused Sync="TRUE">F:\GIS_Projects\Districts\Livingstone\Livingstone Database\roadcenter</srcused><date Sync="TRUE">20070823</date><time Sync="TRUE">15531700</time></procstep><procstep><procdesc Sync="TRUE">Dataset moved.</procdesc><srcused Sync="TRUE">\\Gis-new\Data_F\GIS_Projects\Districts\Livingstone\Shape\roadcenter</srcused><date Sync="TRUE">20080125</date><time Sync="TRUE">16072400</time></procstep><procstep><procdesc Sync="TRUE">Dataset moved.</procdesc><srcused Sync="TRUE">F:\GIS_Projects\Districts\Livingstone\Shape\roads_buildings\roadcenter</srcused><date Sync="TRUE">20080128</date><time Sync="TRUE">11364100</time></procstep><procstep><procdesc Sync="TRUE">Dataset copied.</procdesc><srcused Sync="TRUE">\\GIS-NEW\F$\GIS_Projects\Districts\Livingstone\data_livingstone.gdb</srcused><date Sync="TRUE">20080722</date><time Sync="TRUE">09382100</time></procstep><procstep><procdesc Sync="TRUE">Dataset copied.</procdesc><srcused Sync="TRUE">\\GIS-NEW\F$\GIS_Projects\Districts\Livingstone\data_livingstone.gdb</srcused><date Sync="TRUE">20080722</date><time Sync="TRUE">10411000</time></procstep></lineage></dataqual><mdContact><rpIndName>Bernd Eversmann</rpIndName><rpOrgName>Zambia Survey Department - PCGIS</rpOrgName><rpPosName>Technical Advisor</rpPosName><rpCntInfo><cntAddress><delPoint>Mosi-oa-tunya house, 2nd floor, room 224</delPoint><city>Livingstone</city><adminArea>Southern Province</adminArea><eMailAdd>pcgis@eversmanns.de</eMailAdd><country>zm</country></cntAddress><cntPhone><voiceNum>03-322131</voiceNum></cntPhone></rpCntInfo><role><RoleCd value="002"></RoleCd></role></mdContact></metadata>
