<?xml version="1.0"?>
<!--<!DOCTYPE metadata SYSTEM "http://www.esri.com/metadata/esriprof80.dtd">-->
<metadata xml:lang="en"><Esri><CreaDate>20150128</CreaDate><CreaTime>00110200</CreaTime><SyncOnce>FALSE</SyncOnce><SyncDate>20090226</SyncDate><SyncTime>13024100</SyncTime><ModDate>20090226</ModDate><ModTime>13024100</ModTime><DataProperties><lineage><Process ToolSource="C:\Program Files\ArcGIS\ArcToolbox\Toolboxes\Data Management Tools.tbx\CopyFeatures" Date="20090226" Time="095453">CopyFeatures F:\GIS_Projects\Province\Shape\PS_Wards2000.shp F:\GIS_Projects\Province\Province_geodata.gdb\PS_Wards2000 # 0 0 0</Process></lineage><itemProps><itemLocation><linkage Sync="TRUE">file://\\GARY-PC\D$\Survey\Inhouse GIS training\GIS training data\maz_wards_2000</linkage><protocol Sync="TRUE">Local Area Network</protocol></itemLocation></itemProps><copyHistory><copy source="D:\Zvwese\GIS_Training_Data\maz_wards_2000" dest="\\GARY-PC\D$\Survey\Inhouse GIS training\GIS training data\maz_wards_2000" date="20150128" time="00110200"></copy></copyHistory></DataProperties></Esri><idinfo><native Sync="TRUE">Microsoft Windows XP Version 5.1 (Build 2600) Service Pack 3; ESRI ArcCatalog 9.2.6.1500</native><descript><langdata Sync="TRUE">en</langdata><abstract>REQUIRED: A brief narrative summary of the data set.</abstract><purpose>REQUIRED: A summary of the intentions with which the data set was developed.</purpose></descript><citation><citeinfo><origin>REQUIRED: The name of an organization or individual that developed the data set.</origin><pubdate>REQUIRED: The date when the data set is published or otherwise made available for release.</pubdate><title Sync="TRUE">Wards2000_cso_sp</title><ftname Sync="TRUE">Wards2000_cso_sp</ftname><geoform Sync="TRUE">vector digital data</geoform><onlink Sync="TRUE"></onlink></citeinfo></citation><timeperd><current>REQUIRED: The basis on which the time period of content information is determined.</current><timeinfo><sngdate><caldate>REQUIRED: The year (and optionally month, or month and day) for which the data set corresponds to the ground.</caldate></sngdate></timeinfo></timeperd><status><progress>REQUIRED: The state of the data set.</progress><update>REQUIRED: The frequency with which changes and additions are made to the data set after the initial data set is completed.</update></status><spdom><bounding><westbc Sync="TRUE">24.965614</westbc><eastbc Sync="TRUE">28.924720</eastbc><northbc Sync="TRUE">-15.283684</northbc><southbc Sync="TRUE">-18.075164</southbc></bounding><lboundng><leftbc Sync="TRUE">24.965614</leftbc><rightbc Sync="TRUE">28.924720</rightbc><bottombc Sync="TRUE">-18.075164</bottombc><topbc Sync="TRUE">-15.283684</topbc></lboundng></spdom><keywords><theme><themekt>REQUIRED: Reference to a formally registered thesaurus or a similar authoritative source of theme keywords.</themekt><themekey>REQUIRED: Common-use word or phrase used to describe the subject of the data set.</themekey></theme></keywords><accconst>REQUIRED: Restrictions and legal prerequisites for accessing the data set.</accconst><useconst>REQUIRED: Restrictions and legal prerequisites for using the data set after access is granted.</useconst><natvform Sync="TRUE">File Geodatabase Feature Class</natvform></idinfo><dataIdInfo><envirDesc Sync="TRUE">Microsoft Windows XP Version 5.1 (Build 2600) Service Pack 3; ESRI ArcCatalog 9.2.6.1500</envirDesc><dataLang><languageCode Sync="TRUE" value="en"></languageCode></dataLang><idCitation><resTitle Sync="TRUE">Wards2000_cso_sp</resTitle><presForm><PresFormCd Sync="TRUE" value="005"></PresFormCd></presForm></idCitation><spatRpType><SpatRepTypCd Sync="TRUE" value="001"></SpatRepTypCd></spatRpType><dataExt><geoEle><GeoBndBox esriExtentType="native"><westBL Sync="TRUE">24.965614</westBL><eastBL Sync="TRUE">28.92472</eastBL><northBL Sync="TRUE">-15.283684</northBL><southBL Sync="TRUE">-18.075164</southBL><exTypeCode Sync="TRUE">1</exTypeCode></GeoBndBox></geoEle></dataExt><geoBox esriExtentType="decdegrees"><westBL Sync="TRUE">24.965614</westBL><eastBL Sync="TRUE">28.92472</eastBL><northBL Sync="TRUE">-15.283684</northBL><southBL Sync="TRUE">-18.075164</southBL><exTypeCode Sync="TRUE">1</exTypeCode></geoBox></dataIdInfo><metainfo><langmeta Sync="TRUE">en</langmeta><metstdn Sync="TRUE">FGDC Content Standards for Digital Geospatial Metadata</metstdn><metstdv Sync="TRUE">FGDC-STD-001-1998</metstdv><mettc Sync="TRUE">local time</mettc><metc><cntinfo><cntorgp><cntper>REQUIRED: The person responsible for the metadata information.</cntper><cntorg>REQUIRED: The organization responsible for the metadata information.</cntorg></cntorgp><cntaddr><addrtype>REQUIRED: The mailing and/or physical address for the organization or individual.</addrtype><city>REQUIRED: The city of the address.</city><state>REQUIRED: The state or province of the address.</state><postal>REQUIRED: The ZIP or other postal code of the address.</postal></cntaddr><cntvoice>REQUIRED: The telephone number by which individuals can speak to the organization or individual.</cntvoice></cntinfo></metc><metd Sync="TRUE">20090226</metd><metextns><onlink Sync="TRUE">http://www.esri.com/metadata/esriprof80.html</onlink><metprof Sync="TRUE">ESRI Metadata Profile</metprof></metextns></metainfo><mdLang><languageCode Sync="TRUE" value="en"></languageCode></mdLang><mdStanName Sync="TRUE">ISO 19115 Geographic Information - Metadata</mdStanName><mdStanVer Sync="TRUE">DIS_ESRI1.0</mdStanVer><mdChar><CharSetCd Sync="TRUE" value="004"></CharSetCd></mdChar><mdHrLv><ScopeCd Sync="TRUE" value="005"></ScopeCd></mdHrLv><mdHrLvName Sync="TRUE">dataset</mdHrLvName><distinfo><resdesc Sync="TRUE">Downloadable Data</resdesc><stdorder><digform><digtinfo><transize Sync="TRUE">0.964</transize><dssize Sync="TRUE">0.964</dssize></digtinfo></digform></stdorder></distinfo><distInfo><distributor><distorTran><onLineSrc><orDesc Sync="TRUE">002</orDesc><linkage Sync="TRUE">file://</linkage><protocol Sync="TRUE">Local Area Network</protocol></onLineSrc><transSize Sync="TRUE">0.964</transSize></distorTran><distorFormat><formatName Sync="TRUE">File Geodatabase Feature Class</formatName></distorFormat></distributor></distInfo><spdoinfo><direct Sync="TRUE">Vector</direct><ptvctinf><esriterm Name="Wards2000_cso_sp"><efeatyp Sync="TRUE">Simple</efeatyp><efeageom Sync="TRUE">Polygon</efeageom><esritopo Sync="TRUE">FALSE</esritopo><efeacnt Sync="TRUE">172</efeacnt><spindex Sync="TRUE">TRUE</spindex><linrefer Sync="TRUE">FALSE</linrefer></esriterm><sdtsterm Name="Wards2000_cso_sp"><sdtstype Sync="TRUE">G-polygon</sdtstype><ptvctcnt Sync="TRUE">172</ptvctcnt></sdtsterm></ptvctinf></spdoinfo><spatRepInfo><VectSpatRep><topLvl><TopoLevCd Sync="TRUE" value="001"></TopoLevCd></topLvl><geometObjs Name="Wards2000_cso_sp"><geoObjTyp><GeoObjTypCd Sync="TRUE" value="001"></GeoObjTypCd></geoObjTyp><geoObjCnt Sync="TRUE">172</geoObjCnt></geometObjs></VectSpatRep></spatRepInfo><eainfo><detailed Name="Wards2000_cso_sp"><attr><attrlabl Sync="TRUE">area_km2</attrlabl><attalias Sync="TRUE">area_km2</attalias><attrtype Sync="TRUE">Float</attrtype><attwidth Sync="TRUE">19</attwidth><atnumdec Sync="TRUE">11</atnumdec></attr><enttyp><enttypl Sync="TRUE">Wards2000_cso_sp</enttypl><enttypt Sync="TRUE">Feature Class</enttypt><enttypc Sync="TRUE">172</enttypc></enttyp><attr><attrlabl Sync="TRUE">Shape</attrlabl><attalias Sync="TRUE">Shape</attalias><attrtype Sync="TRUE">Geometry</attrtype><attwidth Sync="TRUE">0</attwidth><atprecis Sync="TRUE">0</atprecis><attscale Sync="TRUE">0</attscale><attrdef Sync="TRUE">Feature geometry.</attrdef><attrdefs Sync="TRUE">ESRI</attrdefs><attrdomv><udom Sync="TRUE">Coordinates defining the features.</udom></attrdomv></attr><attr><attrlabl Sync="TRUE">ID_</attrlabl><attalias Sync="TRUE">ID_</attalias><attrtype Sync="TRUE">String</attrtype><attwidth Sync="TRUE">31</attwidth></attr><attr><attrlabl Sync="TRUE">NAME1_</attrlabl><attalias Sync="TRUE">NAME1_</attalias><attrtype Sync="TRUE">String</attrtype><attwidth Sync="TRUE">64</attwidth></attr><attr><attrlabl Sync="TRUE">NAME2_</attrlabl><attalias Sync="TRUE">NAME2_</attalias><attrtype Sync="TRUE">String</attrtype><attwidth Sync="TRUE">64</attwidth></attr><attr><attrlabl Sync="TRUE">PARTS_</attrlabl><attalias Sync="TRUE">PARTS_</attalias><attrtype Sync="TRUE">Number</attrtype><attwidth Sync="TRUE">4</attwidth></attr><attr><attrlabl Sync="TRUE">POINTS_</attrlabl><attalias Sync="TRUE">POINTS_</attalias><attrtype Sync="TRUE">Number</attrtype><attwidth Sync="TRUE">5</attwidth></attr><attr><attrlabl Sync="TRUE">AREA_</attrlabl><attalias Sync="TRUE">AREA_</attalias><attrtype Sync="TRUE">Number</attrtype><attwidth Sync="TRUE">19</attwidth><atnumdec Sync="TRUE">6</atnumdec></attr><attr><attrlabl Sync="TRUE">POP_2000</attrlabl><attalias Sync="TRUE">POP_2000</attalias><attrtype Sync="TRUE">Number</attrtype><attwidth Sync="TRUE">16</attwidth></attr><attr><attrlabl Sync="TRUE">OBJECTID</attrlabl><attalias Sync="TRUE">OBJECTID</attalias><attrtype Sync="TRUE">OID</attrtype><attwidth Sync="TRUE">4</attwidth><atprecis Sync="TRUE">0</atprecis><attscale Sync="TRUE">0</attscale><attrdef Sync="TRUE">Internal feature number.</attrdef><attrdefs Sync="TRUE">ESRI</attrdefs><attrdomv><udom Sync="TRUE">Sequential unique whole numbers that are automatically generated.</udom></attrdomv></attr><attr><attrlabl Sync="TRUE">Shape_Length</attrlabl><attalias Sync="TRUE">Shape_Length</attalias><attrtype Sync="TRUE">Double</attrtype><attwidth Sync="TRUE">8</attwidth><atprecis Sync="TRUE">0</atprecis><attscale Sync="TRUE">0</attscale><attrdef Sync="TRUE">Length of feature in internal units.</attrdef><attrdefs Sync="TRUE">ESRI</attrdefs><attrdomv><udom Sync="TRUE">Positive real numbers that are automatically generated.</udom></attrdomv></attr><attr><attrlabl Sync="TRUE">Shape_Area</attrlabl><attalias Sync="TRUE">Shape_Area</attalias><attrtype Sync="TRUE">Double</attrtype><attwidth Sync="TRUE">8</attwidth><atprecis Sync="TRUE">0</atprecis><attscale Sync="TRUE">0</attscale><attrdef Sync="TRUE">Area of feature in internal units squared.</attrdef><attrdefs Sync="TRUE">ESRI</attrdefs><attrdomv><udom Sync="TRUE">Positive real numbers that are automatically generated.</udom></attrdomv></attr></detailed></eainfo><mdDateSt Sync="TRUE">20090226</mdDateSt><mdContact><rpIndName>Wallace Mukupa</rpIndName><rpOrgName>Provincial Centre for GIS (PCGIS)</rpOrgName><rpPosName>GIS &amp; Marketing Expert</rpPosName><rpCntInfo><cntAddress><delPoint>Mosi-oa-Tunya House, room 223</delPoint><city>Livingstone</city><eMailAdd>pcgisinfo@gmail.com</eMailAdd><country>zm</country></cntAddress><cntPhone><voiceNum>03-322131</voiceNum></cntPhone></rpCntInfo><role><RoleCd value="002"></RoleCd></role></mdContact><dqInfo><dataLineage><statement>Obtained from CSO 07/2007</statement></dataLineage><dqScope><scpLvl><ScopeCd value="005"></ScopeCd></scpLvl></dqScope></dqInfo><dataqual><lineage><procstep><procdesc Sync="TRUE">Dataset moved.</procdesc><srcused Sync="TRUE">C:\GIS_projects\Province\CSO_Population_data\southern_ward2000</srcused><date Sync="TRUE">20070720</date><time Sync="TRUE">09494400</time></procstep><procstep><procdesc Sync="TRUE">Dataset copied.</procdesc><srcused Sync="TRUE">\\GIS-NEW\F$\GIS_Projects\Province\Geodata_Province.gdb</srcused><date Sync="TRUE">20090727</date><time Sync="TRUE">16185900</time></procstep><procstep><procdesc Sync="TRUE">Dataset copied.</procdesc><srcused Sync="TRUE"></srcused><date Sync="TRUE">20090727</date><time Sync="TRUE">17110800</time></procstep></lineage></dataqual><spref><horizsys><cordsysn><geogcsn Sync="TRUE">GCS_Arc_1950</geogcsn></cordsysn><geograph><geogunit Sync="TRUE">Decimal degrees</geogunit><latres Sync="TRUE">0.000000</latres><longres Sync="TRUE">0.000000</longres></geograph><geodetic><horizdn Sync="TRUE">D_Arc_1950</horizdn><ellips Sync="TRUE">Clarke_1880_Arc</ellips><semiaxis Sync="TRUE">6378249.145000</semiaxis><denflat Sync="TRUE">293.466308</denflat></geodetic></horizsys></spref><refSysInfo><RefSystem><refSysID><identCode Sync="TRUE">GCS_Arc_1950</identCode></refSysID></RefSystem></refSysInfo></metadata>
