<?xml version="1.0" encoding="ISO-8859-1"?>
<!DOCTYPE metadata SYSTEM "http://www.fgdc.gov/metadata/fgdc-std-001-1998.dtd">
<metadata>
	<idinfo>
		<citation>
			<citeinfo>
				<origin>REQUIRED: The name of an organization or individual that developed the data set.</origin>
				<pubdate>REQUIRED: The date when the data set is published or otherwise made available for release.</pubdate>
				<title Sync="TRUE">POI_ppf</title>
				<geoform Sync="TRUE">vector digital data</geoform>
				<serinfo>
				</serinfo>
				<pubinfo>
				</pubinfo>
				<onlink Sync="TRUE">\\GIS-NEW\C\Documents and Settings\gisuser\Desktop\GIS_Training_2010\POI_ppf.shp</onlink>
				<ftname Sync="TRUE">POI_ppf</ftname></citeinfo>
		</citation>
		<descript>
			<abstract>Waypoints for the Corridor of the Protected Areas in KAZA.</abstract>
			<purpose>Peace Parks Foundation database on Africa and SADC compiled from various data sources and consolidated for PPF use.</purpose>
			<langdata Sync="TRUE">en</langdata></descript>
		<timeperd>
			<timeinfo>
				<sngdate>
					<caldate>REQUIRED: The year (and optionally month, or month and day) for which the data set corresponds to the ground.</caldate>
				</sngdate>
			</timeinfo>
			<current>REQUIRED: The basis on which the time period of content information is determined.</current>
		</timeperd>
		<status>
			<progress>Complete</progress>
			<update>Irregular</update>
		</status>
		<spdom>
			<bounding>
				<westbc Sync="TRUE">17.200000</westbc>
				<eastbc Sync="TRUE">26.278688</eastbc>
				<northbc Sync="TRUE">-15.910934</northbc>
				<southbc Sync="TRUE">-22.800000</southbc>
			</bounding>
			<lboundng><leftbc Sync="TRUE">17.200000</leftbc><rightbc Sync="TRUE">26.278688</rightbc><bottombc Sync="TRUE">-22.800000</bottombc><topbc Sync="TRUE">-15.910934</topbc></lboundng></spdom>
		<keywords>
			<theme>
				<themekt>REQUIRED: Reference to a formally registered thesaurus or a similar authoritative source of theme keywords.</themekt>
				<themekey>Waypoints Corridor</themekey>
			</theme>
			<place>
				<placekey>SADC KAZA</placekey>
				<placekey>Angola</placekey>
				<placekey>Botswana</placekey>
				<placekey>Namibia</placekey>
				<placekey>Zambia</placekey>
				<placekey>Zimbabwe</placekey>
			</place>
		</keywords>
		<accconst>REQUIRED: Restrictions and legal prerequisites for accessing the data set.</accconst>
		<useconst>REQUIRED: Restrictions and legal prerequisites for using the data set after access is granted.</useconst>
		<ptcontac>
			<cntinfo>
				<cntorgp>
				</cntorgp>
			</cntinfo>
		</ptcontac>
		<native Sync="TRUE">Microsoft Windows XP Version 5.1 (Build 2600) Service Pack 3; ESRI ArcCatalog 9.3.1.3000</native>
		<natvform Sync="TRUE">Shapefile</natvform></idinfo>
	<dataqual>
		<attracc>
			<attraccr>As accurate as possible but with discrepancies</attraccr>
		</attracc>
		<complete>Completed but may have discrepancies.</complete>
		<lineage>
			<procstep>
			</procstep>
			<procstep>
				<procdesc>Metadata imported.</procdesc>
				<srcused>C:\Temp\Marina\EastCape.xml</srcused>
			</procstep>
			<procstep>
				<procdesc>Metadata imported.</procdesc>
				<srcused>C:\Temp\Marina\Metadata\catch.xml</srcused>
			</procstep>
			<procstep>
				<procdesc>Metadata imported.</procdesc>
				<srcused>C:\WUTemp\Catchments.xml</srcused>
			</procstep>
			<procstep>
				<procdesc>Metadata imported.</procdesc>
				<srcused>C:\WUTemp\metadata.xml</srcused>
			</procstep>
			<procstep>
				<procdesc>Metadata imported.</procdesc>
				<srcused>C:\WUTemp\metadata.xml</srcused>
			</procstep>
			<procstep><procdesc Sync="TRUE">Metadata imported.</procdesc><srcused Sync="TRUE">C:\WUTemp\metadata.xml</srcused><date Sync="TRUE">20070307</date><time Sync="TRUE">08544900</time></procstep><procstep><procdesc Sync="TRUE">Dataset copied.</procdesc><srcused Sync="TRUE">Server=kunene; Service=port:5151; Database=sde; User=sde; Version=sde.DEFAULT</srcused><date Sync="TRUE">20070621</date><time Sync="TRUE">14411100</time></procstep><procstep><procdesc Sync="TRUE">Dataset moved.</procdesc><srcused Sync="TRUE">F:\ppf\KazaZambiaData\kaza_poi</srcused><date Sync="TRUE">20070921</date><time Sync="TRUE">12090700</time></procstep><procstep><procdesc Sync="TRUE">Dataset moved.</procdesc><srcused Sync="TRUE">F:\GIS_Projects\Province\Shape\kaza_poi</srcused><date Sync="TRUE">20070921</date><time Sync="TRUE">12114500</time></procstep></lineage>
	</dataqual>
	<spdoinfo>
		<direct Sync="TRUE">Vector</direct>
		<ptvctinf>
			<sdtsterm Name="POI_ppf">
				<sdtstype Sync="TRUE">Entity point</sdtstype>
				<ptvctcnt Sync="TRUE">0</ptvctcnt>
			</sdtsterm>
			<esriterm Name="POI_ppf"><efeatyp Sync="TRUE">Simple</efeatyp><efeageom Sync="TRUE">Point</efeageom><esritopo Sync="TRUE">FALSE</esritopo><efeacnt Sync="TRUE">0</efeacnt><spindex Sync="TRUE">FALSE</spindex><linrefer Sync="TRUE">FALSE</linrefer></esriterm></ptvctinf>
	</spdoinfo>
	<spref>
		<horizsys>
			<geograph>
				<latres Sync="TRUE">0.000000</latres>
				<longres Sync="TRUE">0.000000</longres>
				<geogunit Sync="TRUE">Decimal degrees</geogunit>
			</geograph>
			<geodetic>
				<horizdn Sync="TRUE">D_WGS_1984</horizdn>
				<ellips Sync="TRUE">WGS_1984</ellips>
				<semiaxis Sync="TRUE">6378137.000000</semiaxis>
				<denflat Sync="TRUE">298.257224</denflat>
			</geodetic>
			<cordsysn><geogcsn Sync="TRUE">GCS_WGS_1984</geogcsn></cordsysn></horizsys>
		<vertdef>
			<altsys>
				<altres Sync="TRUE">1.000000</altres>
				<altenc Sync="TRUE">Explicit elevation coordinate included with horizontal coordinates</altenc>
			</altsys>
		</vertdef>
	</spref>
	<eainfo>
		<detailed Name="POI_ppf">
			<attr><attrlabl Sync="TRUE">OBJECTID</attrlabl><attalias Sync="TRUE">OBJECTID</attalias><attrtype Sync="TRUE">Float</attrtype><attwidth Sync="TRUE">19</attwidth><attrdef Sync="TRUE">Internal feature number.</attrdef><attrdefs Sync="TRUE">ESRI</attrdefs><attrdomv><udom Sync="TRUE">Sequential unique whole numbers that are automatically generated.</udom></attrdomv><atnumdec Sync="TRUE">11</atnumdec></attr><attr><attrlabl Sync="TRUE">GlobalID</attrlabl><attalias Sync="TRUE">FID</attalias><attrtype Sync="TRUE">String</attrtype><attwidth Sync="TRUE">78</attwidth><attrdef Sync="TRUE">Internal feature number.</attrdef><attrdefs Sync="TRUE">ESRI</attrdefs><attrdomv><udom Sync="TRUE">Sequential unique whole numbers that are automatically generated.</udom></attrdomv></attr><attr>
				<attrlabl>SOURCETHM</attrlabl>
				<attalias Sync="TRUE">SOURCETHM</attalias><attrtype Sync="TRUE">String</attrtype><attwidth Sync="TRUE">16</attwidth></attr>
			<enttyp>
				<enttypl Sync="TRUE">POI_ppf</enttypl>
				<enttypt Sync="TRUE">Feature Class</enttypt><enttypc Sync="TRUE">0</enttypc></enttyp>
			<attr>
				<attrlabl>Shape</attrlabl>
				<attrdef>Feature geometry.</attrdef>
				<attrdefs>ESRI</attrdefs>
				<attrdomv>
					<udom>Coordinates defining the features.</udom>
				</attrdomv>
				<attrtype Sync="TRUE">String</attrtype><attwidth Sync="TRUE">35</attwidth><attalias Sync="TRUE">TYPE</attalias><atprecis Sync="TRUE">0</atprecis><attscale Sync="TRUE">0</attscale></attr>
			<attr>
				<attrlabl>TYPE</attrlabl>
				<attrtype Sync="TRUE">String</attrtype><attwidth Sync="TRUE">35</attwidth><attalias Sync="TRUE">IDENT</attalias></attr>
			<attr>
				<attrlabl>IDENT</attrlabl>
				<attrtype Sync="TRUE">String</attrtype><attwidth Sync="TRUE">24</attwidth><attalias Sync="TRUE">Shape</attalias><attrdef Sync="TRUE">Feature geometry.</attrdef><attrdefs Sync="TRUE">ESRI</attrdefs><attrdomv><udom Sync="TRUE">Coordinates defining the features.</udom></attrdomv></attr>
			<attr>
				<attrlabl>SHAPE</attrlabl>
				<attrdef>Feature geometry.</attrdef>
				<attrdefs>ESRI</attrdefs>
				<attrdomv>
					<udom>Coordinates defining the features.</udom>
				</attrdomv>
				<attrtype Sync="TRUE">Double</attrtype><attwidth Sync="TRUE">19</attwidth><attalias Sync="TRUE">LAT</attalias><atprecis Sync="TRUE">0</atprecis><attscale Sync="TRUE">0</attscale></attr>
			<attr>
				<attrlabl>LAT</attrlabl>
				<attrtype Sync="TRUE">Float</attrtype><attwidth Sync="TRUE">19</attwidth><attalias Sync="TRUE">LONG</attalias><atnumdec Sync="TRUE">11</atnumdec></attr>
			<attr>
				<attrlabl>LONG</attrlabl>
				<attrtype Sync="TRUE">Float</attrtype><attwidth Sync="TRUE">19</attwidth><attalias Sync="TRUE">DMSCOORD</attalias><atnumdec Sync="TRUE">11</atnumdec></attr>
			<attr>
				<attrlabl>DMSCOORD</attrlabl>
				<attrtype Sync="TRUE">String</attrtype><attwidth Sync="TRUE">21</attwidth><attalias Sync="TRUE">ALTITUDE</attalias></attr>
			<attr>
				<attrlabl>ALTITUDE</attrlabl>
				<attrtype Sync="TRUE">String</attrtype><attwidth Sync="TRUE">11</attwidth><attalias Sync="TRUE">FULL_NAME</attalias></attr>
			<attr>
				<attrlabl>FULL_NAME</attrlabl>
				<attrtype Sync="TRUE">String</attrtype><attwidth Sync="TRUE">35</attwidth><attalias Sync="TRUE">DESCRIPTIO</attalias></attr>
			<attr>
				<attrlabl>DESCRIPTIO</attrlabl>
				<attrtype Sync="TRUE">String</attrtype><attwidth Sync="TRUE">45</attwidth><attalias Sync="TRUE">CONTACT_PE</attalias></attr>
			<attr>
				<attrlabl>CONTACT_PE</attrlabl>
				<attrtype Sync="TRUE">String</attrtype><attwidth Sync="TRUE">18</attwidth><attalias Sync="TRUE">GlobalID</attalias></attr>
			<attr><attrlabl Sync="TRUE">Borhoels</attrlabl><attalias Sync="TRUE">Borhoels</attalias><attrtype Sync="TRUE">String</attrtype><attwidth Sync="TRUE">50</attwidth></attr></detailed>
		<overview>
			<eaover>At the discretion of data creators.</eaover>
		</overview>
	</eainfo>
	<distinfo>
		<distrib>
			<cntinfo>
			</cntinfo>
		</distrib>
		<resdesc>Downloadable Data</resdesc>
		<stdorder>
			<digform>
				<digtinfo>
					<transize>48.782</transize>
					<dssize Sync="TRUE">0.000</dssize></digtinfo>
			</digform>
		</stdorder>
	</distinfo>
	<metainfo>
		<metd Sync="TRUE">20100423</metd>
		<metrd>never</metrd>
		<metfrd>never</metfrd>
		<metc>
			<cntinfo>
				<cntorgp>
					<cntorg>Peace Parks Foundation</cntorg>
					<cntper>GIS</cntper>
				</cntorgp>
				<cntpos>Volunteer</cntpos>
				<cntaddr>
					<addrtype>REQUIRED: The mailing and/or physical address for the organization or individual.</addrtype>
					<city>REQUIRED: The city of the address.</city>
					<state>REQUIRED: The state or province of the address.</state>
					<postal>REQUIRED: The ZIP or other postal code of the address.</postal>
				</cntaddr>
				<cntvoice>+27 887 6188</cntvoice>
				<cntfax>+27 887 6189</cntfax>
				<cntemail>cbeech@ppf.org.za</cntemail>
			</cntinfo>
		</metc>
		<metstdn Sync="TRUE">FGDC Content Standards for Digital Geospatial Metadata</metstdn>
		<metstdv Sync="TRUE">FGDC-STD-001-1998</metstdv>
		<mettc Sync="TRUE">local time</mettc>
		<metextns>
			<onlink>http://www.esri.com/metadata/esriprof80.html</onlink>
			<metprof>ESRI Metadata Profile</metprof>
		</metextns>
		<metextns>
			<onlink>http://www.esri.com/metadata/esriprof80.html</onlink>
			<metprof>ESRI Metadata Profile</metprof>
		</metextns>
		<metextns>
			<onlink>http://www.esri.com/metadata/esriprof80.html</onlink>
			<metprof>ESRI Metadata Profile</metprof>
		</metextns>
		<metextns>
			<onlink>http://www.esri.com/metadata/esriprof80.html</onlink>
			<metprof>ESRI Metadata Profile</metprof>
		</metextns>
		<langmeta Sync="TRUE">en</langmeta><metextns><onlink Sync="TRUE">http://www.esri.com/metadata/esriprof80.html</onlink><metprof Sync="TRUE">ESRI Metadata Profile</metprof></metextns></metainfo>
	<Esri><CreaDate>20150128</CreaDate><CreaTime>00122500</CreaTime><SyncOnce>FALSE</SyncOnce><SyncDate>20100423</SyncDate><SyncTime>10050400</SyncTime><ModDate>20100423</ModDate><ModTime>10050400</ModTime><DataProperties><lineage><Process ToolSource="C:\Program Files\ArcGIS\ArcToolbox\Toolboxes\Data Management Tools.tbx\CopyFeatures" Date="20090226" Time="095438">CopyFeatures F:\GIS_Projects\Province\Shape\kaza_poi.shp F:\GIS_Projects\Province\Province_geodata.gdb\kaza_poi # 0 0 0</Process><Process Name="Merge_5" ToolSource="C:\Program Files\ArcGIS\ArcToolbox\Toolboxes\Data Management Tools.tbx\Merge" Date="20090226" Time="104735">Merge F:\GIS_Projects\Province\Province_geodata.gdb\kaza_poi;F:\GIS_Projects\Province\Province_geodata.gdb\kaza_poiOther F:\GIS_Projects\Province\Province_geodata.gdb\kaza_poi_Merge "OBJECTID OBJECTID true true false 8 Double 0 0 ,First,#,F:\GIS_Projects\Province\Province_geodata.gdb\kaza_poi,OBJECTID,-1,-1,F:\GIS_Projects\Province\Province_geodata.gdb\kaza_poiOther,OBJECTID,-1,-1;IDENT IDENT true true false 24 Text 0 0 ,First,#,F:\GIS_Projects\Province\Province_geodata.gdb\kaza_poi,IDENT,-1,-1,F:\GIS_Projects\Province\Province_geodata.gdb\kaza_poiOther,IDENT,-1,-1;LAT LAT true true false 8 Double 0 0 ,First,#,F:\GIS_Projects\Province\Province_geodata.gdb\kaza_poi,LAT,-1,-1,F:\GIS_Projects\Province\Province_geodata.gdb\kaza_poiOther,LAT,-1,-1;LONG LONG true true false 8 Double 0 0 ,First,#,F:\GIS_Projects\Province\Province_geodata.gdb\kaza_poi,LONG,-1,-1,F:\GIS_Projects\Province\Province_geodata.gdb\kaza_poiOther,LONG,-1,-1;DMSCOORD DMSCOORD true true false 21 Text 0 0 ,First,#,F:\GIS_Projects\Province\Province_geodata.gdb\kaza_poi,DMSCOORD,-1,-1,F:\GIS_Projects\Province\Province_geodata.gdb\kaza_poiOther,DMSCOORD,-1,-1;ALTITUDE ALTITUDE true true false 11 Text 0 0 ,First,#,F:\GIS_Projects\Province\Province_geodata.gdb\kaza_poi,ALTITUDE,-1,-1,F:\GIS_Projects\Province\Province_geodata.gdb\kaza_poiOther,ALTITUDE,-1,-1;FULL_NAME FULL_NAME true true false 35 Text 0 0 ,First,#,F:\GIS_Projects\Province\Province_geodata.gdb\kaza_poi,FULL_NAME,-1,-1,F:\GIS_Projects\Province\Province_geodata.gdb\kaza_poiOther,FULL_NAME,-1,-1;DESCRIPTIO DESCRIPTIO true true false 45 Text 0 0 ,First,#,F:\GIS_Projects\Province\Province_geodata.gdb\kaza_poi,DESCRIPTIO,-1,-1,F:\GIS_Projects\Province\Province_geodata.gdb\kaza_poiOther,DESCRIPTIO,-1,-1;CONTACT_PE CONTACT_PE true true false 18 Text 0 0 ,First,#,F:\GIS_Projects\Province\Province_geodata.gdb\kaza_poi,CONTACT_PE,-1,-1,F:\GIS_Projects\Province\Province_geodata.gdb\kaza_poiOther,CONTACT_PE,-1,-1;SOURCETHM SOURCETHM true true false 16 Text 0 0 ,First,#,F:\GIS_Projects\Province\Province_geodata.gdb\kaza_poi,SOURCETHM,-1,-1,F:\GIS_Projects\Province\Province_geodata.gdb\kaza_poiOther,SOURCETHM,-1,-1;TYPE TYPE true true false 35 Text 0 0 ,First,#,F:\GIS_Projects\Province\Province_geodata.gdb\kaza_poi,TYPE,-1,-1,F:\GIS_Projects\Province\Province_geodata.gdb\kaza_poiOther,TYPE,-1,-1;GlobalID GlobalID true true false 78 Text 0 0 ,First,#,F:\GIS_Projects\Province\Province_geodata.gdb\kaza_poi,GlobalID,-1,-1,F:\GIS_Projects\Province\Province_geodata.gdb\kaza_poiOther,GlobalID,-1,-1"</Process><Process ToolSource="C:\Program Files\ArcGIS\ArcToolbox\Toolboxes\Conversion Tools.tbx\FeatureClassToFeatureClass" Date="20100423" Time="100505">FeatureClassToFeatureClass F:\GIS_Projects\Province\Geodata_Province.gdb\POI_ppf "C:\Documents and Settings\gisuser\Desktop\GIS_Training_2010" POI_ppf.shp # "OBJECTID 'OBJECTID' true true false 8 Double 0 0 ,First,#,F:\GIS_Projects\Province\Geodata_Province.gdb\POI_ppf,OBJECTID,-1,-1;IDENT 'IDENT' true true false 24 Text 0 0 ,First,#,F:\GIS_Projects\Province\Geodata_Province.gdb\POI_ppf,IDENT,-1,-1;LAT 'LAT' true true false 8 Double 0 0 ,First,#,F:\GIS_Projects\Province\Geodata_Province.gdb\POI_ppf,LAT,-1,-1;LONG 'LONG' true true false 8 Double 0 0 ,First,#,F:\GIS_Projects\Province\Geodata_Province.gdb\POI_ppf,LONG,-1,-1;DMSCOORD 'DMSCOORD' true true false 21 Text 0 0 ,First,#,F:\GIS_Projects\Province\Geodata_Province.gdb\POI_ppf,DMSCOORD,-1,-1;ALTITUDE 'ALTITUDE' true true false 11 Text 0 0 ,First,#,F:\GIS_Projects\Province\Geodata_Province.gdb\POI_ppf,ALTITUDE,-1,-1;FULL_NAME 'FULL_NAME' true true false 35 Text 0 0 ,First,#,F:\GIS_Projects\Province\Geodata_Province.gdb\POI_ppf,FULL_NAME,-1,-1;DESCRIPTIO 'DESCRIPTIO' true true false 45 Text 0 0 ,First,#,F:\GIS_Projects\Province\Geodata_Province.gdb\POI_ppf,DESCRIPTIO,-1,-1;CONTACT_PE 'CONTACT_PE' true true false 18 Text 0 0 ,First,#,F:\GIS_Projects\Province\Geodata_Province.gdb\POI_ppf,CONTACT_PE,-1,-1;SOURCETHM 'SOURCETHM' true true false 16 Text 0 0 ,First,#,F:\GIS_Projects\Province\Geodata_Province.gdb\POI_ppf,SOURCETHM,-1,-1;TYPE 'TYPE' true true false 35 Text 0 0 ,First,#,F:\GIS_Projects\Province\Geodata_Province.gdb\POI_ppf,TYPE,-1,-1;GlobalID 'GlobalID' true true false 78 Text 0 0 ,First,#,F:\GIS_Projects\Province\Geodata_Province.gdb\POI_ppf,GlobalID,-1,-1;Borhoels 'Borhoels' true true false 50 Text 0 0 ,First,#,F:\GIS_Projects\Province\Geodata_Province.gdb\POI_ppf,Borhoels,-1,-1" # "C:\Documents and Settings\gisuser\Desktop\GIS_Training_2010\POI_ppf.shp"</Process></lineage><itemProps><itemLocation><linkage Sync="TRUE">file://\\GARY-PC\D$\Survey\Inhouse GIS training\GIS training data\POI_ppf</linkage><protocol Sync="TRUE">Local Area Network</protocol></itemLocation></itemProps><copyHistory><copy source="D:\Zvwese\GIS_Training_Data\POI_ppf" dest="\\GARY-PC\D$\Survey\Inhouse GIS training\GIS training data\POI_ppf" date="20150128" time="00122500"></copy></copyHistory></DataProperties></Esri><dataIdInfo><envirDesc Sync="TRUE">Microsoft Windows XP Version 5.1 (Build 2600) Service Pack 3; ESRI ArcCatalog 9.3.1.3000</envirDesc><dataLang><languageCode Sync="TRUE" value="en"></languageCode></dataLang><idCitation><resTitle Sync="TRUE">POI_ppf</resTitle><presForm><PresFormCd Sync="TRUE" value="005"></PresFormCd></presForm></idCitation><spatRpType><SpatRepTypCd Sync="TRUE" value="001"></SpatRepTypCd></spatRpType><dataExt><geoEle><GeoBndBox esriExtentType="native"><westBL Sync="TRUE">17.2</westBL><eastBL Sync="TRUE">26.278688</eastBL><northBL Sync="TRUE">-15.910934</northBL><southBL Sync="TRUE">-22.8</southBL><exTypeCode Sync="TRUE">1</exTypeCode></GeoBndBox></geoEle></dataExt><geoBox esriExtentType="decdegrees"><westBL Sync="TRUE">17.2</westBL><eastBL Sync="TRUE">26.278688</eastBL><northBL Sync="TRUE">-15.910934</northBL><southBL Sync="TRUE">-22.8</southBL><exTypeCode Sync="TRUE">1</exTypeCode></geoBox><idAbs>Points of Interest KAZA area.
Source: PPF</idAbs></dataIdInfo><mdLang><languageCode Sync="TRUE" value="en"></languageCode></mdLang><mdStanName Sync="TRUE">ISO 19115 Geographic Information - Metadata</mdStanName><mdStanVer Sync="TRUE">DIS_ESRI1.0</mdStanVer><mdChar><CharSetCd Sync="TRUE" value="004"></CharSetCd></mdChar><mdHrLv><ScopeCd Sync="TRUE" value="005"></ScopeCd></mdHrLv><mdHrLvName Sync="TRUE">dataset</mdHrLvName><distInfo><distributor><distorTran><onLineSrc><orDesc Sync="TRUE">002</orDesc><linkage Sync="TRUE">file://\\GIS-NEW\C\Documents and Settings\gisuser\Desktop\GIS_Training_2010\POI_ppf.shp</linkage><protocol Sync="TRUE">Local Area Network</protocol></onLineSrc><transSize Sync="TRUE">0.000</transSize></distorTran><distorFormat><formatName Sync="TRUE">Shapefile</formatName></distorFormat></distributor></distInfo><refSysInfo><RefSystem><refSysID><identCode Sync="TRUE">GCS_WGS_1984</identCode></refSysID></RefSystem></refSysInfo><spatRepInfo><VectSpatRep><topLvl><TopoLevCd Sync="TRUE" value="001"></TopoLevCd></topLvl><geometObjs Name="POI_ppf"><geoObjTyp><GeoObjTypCd Sync="TRUE" value="004"></GeoObjTypCd></geoObjTyp><geoObjCnt Sync="TRUE">0</geoObjCnt></geometObjs></VectSpatRep></spatRepInfo><mdDateSt Sync="TRUE">20100423</mdDateSt><mdContact><rpIndName>Bernd Eversmann</rpIndName><rpOrgName>Zambia Survey Department - PCGIS</rpOrgName><rpPosName>Technical Advisor</rpPosName><rpCntInfo><cntAddress><delPoint>Mosi-oa-tunya house, 2nd floor, room 224</delPoint><city>Livingstone</city><adminArea>Southern Province</adminArea><eMailAdd>pcgis@eversmanns.de</eMailAdd><country>zm</country></cntAddress><cntPhone><voiceNum>03-322131</voiceNum></cntPhone></rpCntInfo><role><RoleCd value="002"></RoleCd></role></mdContact></metadata>
