<?xml version="1.0"?>
<!--<!DOCTYPE metadata SYSTEM "http://www.esri.com/metadata/esriprof80.dtd">-->
<metadata xml:lang="en"><Esri><CreaDate>20150510</CreaDate><CreaTime>09414600</CreaTime><SyncOnce>FALSE</SyncOnce><SyncDate>20110623</SyncDate><SyncTime>12350700</SyncTime><ModDate>20110623</ModDate><ModTime>12350700</ModTime><DataProperties><lineage><Process Name="FeatureClassToFeatureClass_1" ToolSource="C:\Program Files\ArcGIS\ArcToolbox\Toolboxes\Conversion Tools.tbx\FeatureClassToFeatureClass" Date="20081211" Time="082848">FeatureClassToFeatureClass F:\GIS_Projects\Province\Shape\kaza_rivers_08.shp F:\GIS_Projects\Province\Southern_Western.gdb rivers_earthsat # "Id Id true false false 6 Long 0 6 ,First,#,F:\GIS_Projects\Province\Shape\kaza_rivers_08.shp,Id,-1,-1;TYPE TYPE true false false 35 Text 0 0 ,First,#,F:\GIS_Projects\Province\Shape\kaza_rivers_08.shp,TYPE,-1,-1;NAME NAME true false false 50 Text 0 0 ,First,#,F:\GIS_Projects\Province\Shape\kaza_rivers_08.shp,NAME,-1,-1" # F:\GIS_Projects\Province\Southern_Western.gdb\rivers_earthsat</Process><Process ToolSource="C:\Program Files\ArcGIS\ArcToolbox\Toolboxes\Data Management Tools.tbx\CopyFeatures" Date="20110418" Time="091308">CopyFeatures F:\GIS_Projects\Province\Geodata_Province.gdb\rivers50_earthsat_sp F:\GIS_Projects\prov_conversion\rivers50_earthsat_sp.shp # 0 0 0</Process><Process ToolSource="C:\Program Files\ArcGIS\ArcToolbox\Toolboxes\Conversion Tools.tbx\FeatureClassToFeatureClass" Date="20110527" Time="101555">FeatureClassToFeatureClass "C:\Documents and Settings\gisuser\Desktop\prov_conversion_1984\rivers50_earthsat_sp.shp" F:\GIS_Projects\Province\Geodata_Province.gdb rivers50_earthsat_sp # "Id 'Id' true true false 9 Long 0 9 ,First,#,C:\Documents and Settings\gisuser\Desktop\prov_conversion_1984\rivers50_earthsat_sp.shp,Id,-1,-1;TYPE 'TYPE' true true false 35 Text 0 0 ,First,#,C:\Documents and Settings\gisuser\Desktop\prov_conversion_1984\rivers50_earthsat_sp.shp,TYPE,-1,-1;NAME 'NAME' true true false 50 Text 0 0 ,First,#,C:\Documents and Settings\gisuser\Desktop\prov_conversion_1984\rivers50_earthsat_sp.shp,NAME,-1,-1;Shape_Leng 'Shape_Leng' true true false 19 Double 0 0 ,First,#,C:\Documents and Settings\gisuser\Desktop\prov_conversion_1984\rivers50_earthsat_sp.shp,Shape_Leng,-1,-1" # F:\GIS_Projects\Province\Geodata_Province.gdb\rivers50_earthsat_sp</Process><Process ToolSource="C:\Program Files\ArcGIS\ArcToolbox\Toolboxes\Data Management Tools.tbx\CopyFeatures" Date="20110623" Time="123508">CopyFeatures F:\Temp\WGS1984\Geodata\rivers50_earthsat_sp.shp F:\Temp\WGS1984\Geodata\Geodatabase.gdb\rivers50_earthsat_sp # 0 0 0</Process></lineage></DataProperties><ArcGISFormat>1.0</ArcGISFormat></Esri><idinfo><native Sync="TRUE">Microsoft Windows XP Version 5.1 (Build 2600) Service Pack 2; ESRI ArcCatalog 9.3.1.3000</native><descript><langdata Sync="TRUE">en</langdata><abstract>REQUIRED: A brief narrative summary of the data set.</abstract><purpose>REQUIRED: A summary of the intentions with which the data set was developed.</purpose></descript><citation><citeinfo><origin>REQUIRED: The name of an organization or individual that developed the data set.</origin><pubdate>REQUIRED: The date when the data set is published or otherwise made available for release.</pubdate><title Sync="TRUE">rivers50_earthsat_sp</title><ftname Sync="TRUE">rivers50_earthsat_sp</ftname><geoform Sync="TRUE">vector digital data</geoform><onlink Sync="TRUE">\\Gis-new\Data (F)\Temp\WGS1984\Geodata\Geodatabase.gdb</onlink></citeinfo></citation><timeperd><current>REQUIRED: The basis on which the time period of content information is determined.</current><timeinfo><sngdate><caldate>REQUIRED: The year (and optionally month, or month and day) for which the data set corresponds to the ground.</caldate></sngdate></timeinfo></timeperd><status><progress>REQUIRED: The state of the data set.</progress><update>REQUIRED: The frequency with which changes and additions are made to the data set after the initial data set is completed.</update></status><spdom><bounding><westbc Sync="TRUE">22.906078</westbc><eastbc Sync="TRUE">29.033399</eastbc><northbc Sync="TRUE">-13.795787</northbc><southbc Sync="TRUE">-18.076987</southbc></bounding><lboundng><leftbc Sync="TRUE">22.906078</leftbc><rightbc Sync="TRUE">29.033399</rightbc><bottombc Sync="TRUE">-18.076987</bottombc><topbc Sync="TRUE">-13.795787</topbc></lboundng></spdom><keywords><theme><themekt>REQUIRED: Reference to a formally registered thesaurus or a similar authoritative source of theme keywords.</themekt><themekey>REQUIRED: Common-use word or phrase used to describe the subject of the data set.</themekey></theme></keywords><accconst>REQUIRED: Restrictions and legal prerequisites for accessing the data set.</accconst><useconst>REQUIRED: Restrictions and legal prerequisites for using the data set after access is granted.</useconst><natvform Sync="TRUE">File Geodatabase Feature Class</natvform></idinfo><dataIdInfo><envirDesc Sync="TRUE">Microsoft Windows XP Version 5.1 (Build 2600) Service Pack 2; ESRI ArcCatalog 9.3.1.3000</envirDesc><dataLang><languageCode Sync="TRUE" value="en"></languageCode></dataLang><idCitation><resTitle Sync="TRUE">rivers50_earthsat_sp</resTitle><presForm><PresFormCd Sync="TRUE" value="005"></PresFormCd></presForm></idCitation><spatRpType><SpatRepTypCd Sync="TRUE" value="001"></SpatRepTypCd></spatRpType><dataExt><geoEle><GeoBndBox esriExtentType="native"><westBL Sync="TRUE">22.906078</westBL><eastBL Sync="TRUE">29.033399</eastBL><northBL Sync="TRUE">-13.795787</northBL><southBL Sync="TRUE">-18.076987</southBL><exTypeCode Sync="TRUE">1</exTypeCode></GeoBndBox></geoEle></dataExt><geoBox esriExtentType="decdegrees"><westBL Sync="TRUE">22.906078</westBL><eastBL Sync="TRUE">29.033399</eastBL><northBL Sync="TRUE">-13.795787</northBL><southBL Sync="TRUE">-18.076987</southBL><exTypeCode Sync="TRUE">1</exTypeCode></geoBox><idAbs>Rivers digitized from Earthsat (15m) satellite imagery.
Extent: Southern and Western Province</idAbs><tpCat><TopicCatCd value="007"></TopicCatCd></tpCat><tpCat><TopicCatCd value="012"></TopicCatCd></tpCat></dataIdInfo><metainfo><langmeta Sync="TRUE">en</langmeta><metstdn Sync="TRUE">FGDC Content Standards for Digital Geospatial Metadata</metstdn><metstdv Sync="TRUE">FGDC-STD-001-1998</metstdv><mettc Sync="TRUE">local time</mettc><metc><cntinfo><cntorgp><cntper>REQUIRED: The person responsible for the metadata information.</cntper><cntorg>REQUIRED: The organization responsible for the metadata information.</cntorg></cntorgp><cntaddr><addrtype>REQUIRED: The mailing and/or physical address for the organization or individual.</addrtype><city>REQUIRED: The city of the address.</city><state>REQUIRED: The state or province of the address.</state><postal>REQUIRED: The ZIP or other postal code of the address.</postal></cntaddr><cntvoice>REQUIRED: The telephone number by which individuals can speak to the organization or individual.</cntvoice></cntinfo></metc><metd Sync="TRUE">20110623</metd><metextns><onlink Sync="TRUE">http://www.esri.com/metadata/esriprof80.html</onlink><metprof Sync="TRUE">ESRI Metadata Profile</metprof></metextns></metainfo><mdLang><languageCode Sync="TRUE" value="en"></languageCode></mdLang><mdStanName Sync="TRUE">ISO 19115 Geographic Information - Metadata</mdStanName><mdStanVer Sync="TRUE">DIS_ESRI1.0</mdStanVer><mdChar><CharSetCd Sync="TRUE" value="004"></CharSetCd></mdChar><mdHrLv><ScopeCd Sync="TRUE" value="005"></ScopeCd></mdHrLv><mdHrLvName Sync="TRUE">dataset</mdHrLvName><distinfo><resdesc Sync="TRUE">Downloadable Data</resdesc><stdorder><digform><digtinfo><transize Sync="TRUE">0.979</transize><dssize Sync="TRUE">0.979</dssize></digtinfo></digform></stdorder></distinfo><distInfo><distributor><distorTran><onLineSrc><orDesc Sync="TRUE">002</orDesc><linkage Sync="TRUE">file://\\Gis-new\Data (F)\Temp\WGS1984\Geodata\Geodatabase.gdb</linkage><protocol Sync="TRUE">Local Area Network</protocol></onLineSrc><transSize Sync="TRUE">0.979</transSize></distorTran><distorFormat><formatName Sync="TRUE">File Geodatabase Feature Class</formatName></distorFormat></distributor></distInfo><spdoinfo><direct Sync="TRUE">Vector</direct><ptvctinf><esriterm Name="rivers50_earthsat_sp"><efeatyp Sync="TRUE">Simple</efeatyp><efeageom Sync="TRUE">Polyline</efeageom><esritopo Sync="TRUE">FALSE</esritopo><efeacnt Sync="TRUE">0</efeacnt><spindex Sync="TRUE">TRUE</spindex><linrefer Sync="TRUE">FALSE</linrefer></esriterm><sdtsterm Name="rivers50_earthsat_sp"><sdtstype Sync="TRUE">String</sdtstype><ptvctcnt Sync="TRUE">0</ptvctcnt></sdtsterm></ptvctinf></spdoinfo><spref><horizsys><cordsysn><geogcsn Sync="TRUE">GCS_WGS_1984</geogcsn><projcsn Sync="TRUE">WGS_1984_UTM_Zone_35S</projcsn></cordsysn><geodetic><horizdn Sync="TRUE">D_WGS_1984</horizdn><ellips Sync="TRUE">WGS_1984</ellips><semiaxis Sync="TRUE">6378137.000000</semiaxis><denflat Sync="TRUE">298.257224</denflat></geodetic><planar><gridsys><gridsysn Sync="TRUE">Universal Transverse Mercator</gridsysn><utm><utmzone Sync="TRUE">-35</utmzone><transmer><sfctrmer Sync="TRUE">0.999600</sfctrmer><longcm Sync="TRUE">27.000000</longcm><latprjo Sync="TRUE">0.000000</latprjo><feast Sync="TRUE">500000.000000</feast><fnorth Sync="TRUE">10000000.000000</fnorth></transmer></utm></gridsys><planci><plance Sync="TRUE">coordinate pair</plance><plandu Sync="TRUE">meters</plandu><coordrep><absres Sync="TRUE">0.000100</absres><ordres Sync="TRUE">0.000100</ordres></coordrep></planci></planar></horizsys></spref><refSysInfo><RefSystem><refSysID><identCode Sync="TRUE">WGS_1984_UTM_Zone_35S</identCode></refSysID></RefSystem></refSysInfo><spatRepInfo><VectSpatRep><topLvl><TopoLevCd Sync="TRUE" value="001"></TopoLevCd></topLvl><geometObjs Name="rivers50_earthsat_sp"><geoObjTyp><GeoObjTypCd Sync="TRUE" value="001"></GeoObjTypCd></geoObjTyp><geoObjCnt Sync="TRUE">0</geoObjCnt></geometObjs></VectSpatRep></spatRepInfo><eainfo><detailed Name="rivers50_earthsat_sp"><attr><attrlabl Sync="TRUE">NAME</attrlabl><attalias Sync="TRUE">NAME</attalias><attrtype Sync="TRUE">String</attrtype><attwidth Sync="TRUE">50</attwidth><atprecis Sync="TRUE">0</atprecis><attscale Sync="TRUE">0</attscale></attr><attr><attrlabl Sync="TRUE">OBJECTID_1</attrlabl><attalias Sync="TRUE">OBJECTID_1</attalias><attrtype Sync="TRUE">OID</attrtype><attwidth Sync="TRUE">4</attwidth><atprecis Sync="TRUE">0</atprecis><attscale Sync="TRUE">0</attscale><attrdef Sync="TRUE">Internal feature number.</attrdef><attrdefs Sync="TRUE">ESRI</attrdefs><attrdomv><udom Sync="TRUE">Sequential unique whole numbers that are automatically generated.</udom></attrdomv></attr><attr><attrlabl Sync="TRUE">OBJECTID</attrlabl><attalias Sync="TRUE">OBJECTID</attalias><attrtype Sync="TRUE">Integer</attrtype><attwidth Sync="TRUE">4</attwidth><atprecis Sync="TRUE">0</atprecis><attscale Sync="TRUE">0</attscale><attrdef Sync="TRUE">Internal feature number.</attrdef><attrdefs Sync="TRUE">ESRI</attrdefs><attrdomv><udom Sync="TRUE">Sequential unique whole numbers that are automatically generated.</udom></attrdomv></attr><enttyp><enttypl Sync="TRUE">rivers50_earthsat_sp</enttypl><enttypt Sync="TRUE">Feature Class</enttypt><enttypc Sync="TRUE">0</enttypc></enttyp><attr><attrlabl Sync="TRUE">Shape</attrlabl><attalias Sync="TRUE">Shape</attalias><attrtype Sync="TRUE">Geometry</attrtype><attwidth Sync="TRUE">0</attwidth><atprecis Sync="TRUE">0</atprecis><attscale Sync="TRUE">0</attscale><attrdef Sync="TRUE">Feature geometry.</attrdef><attrdefs Sync="TRUE">ESRI</attrdefs><attrdomv><udom Sync="TRUE">Coordinates defining the features.</udom></attrdomv></attr><attr><attrlabl Sync="TRUE">Id</attrlabl><attalias Sync="TRUE">Id</attalias><attrtype Sync="TRUE">Integer</attrtype><attwidth Sync="TRUE">4</attwidth><atprecis Sync="TRUE">0</atprecis><attscale Sync="TRUE">0</attscale></attr><attr><attrlabl Sync="TRUE">TYPE</attrlabl><attalias Sync="TRUE">TYPE</attalias><attrtype Sync="TRUE">String</attrtype><attwidth Sync="TRUE">35</attwidth><atprecis Sync="TRUE">0</atprecis><attscale Sync="TRUE">0</attscale></attr><attr><attrlabl Sync="TRUE">Shape_Leng</attrlabl><attalias Sync="TRUE">Shape_Leng</attalias><attrtype Sync="TRUE">Double</attrtype><attwidth Sync="TRUE">8</attwidth><atprecis Sync="TRUE">0</atprecis><attscale Sync="TRUE">0</attscale></attr><attr><attrlabl Sync="TRUE">Shape_Le_1</attrlabl><attalias Sync="TRUE">Shape_Le_1</attalias><attrtype Sync="TRUE">Double</attrtype><attwidth Sync="TRUE">8</attwidth><atprecis Sync="TRUE">0</atprecis><attscale Sync="TRUE">0</attscale></attr><attr><attrlabl Sync="TRUE">Shape_Length</attrlabl><attalias Sync="TRUE">Shape_Length</attalias><attrtype Sync="TRUE">Double</attrtype><attwidth Sync="TRUE">8</attwidth><atprecis Sync="TRUE">0</atprecis><attscale Sync="TRUE">0</attscale><attrdef Sync="TRUE">Length of feature in internal units.</attrdef><attrdefs Sync="TRUE">ESRI</attrdefs><attrdomv><udom Sync="TRUE">Positive real numbers that are automatically generated.</udom></attrdomv></attr></detailed></eainfo><mdDateSt Sync="TRUE">20110623</mdDateSt><dataqual><lineage><procstep><procdesc Sync="TRUE">Dataset copied.</procdesc><srcused Sync="TRUE">R:\GIS\Projects\KazaZambia\Raw\VegSoilRiv\Rivers\s_zambia_rivers</srcused><date Sync="TRUE">20071023</date><time Sync="TRUE">09574000</time></procstep><procstep><procdesc Sync="TRUE">Dataset copied.</procdesc><srcused Sync="TRUE">O:\Shared Files\WillemJnr\s_zambia_riversOct</srcused><date Sync="TRUE">20071023</date><time Sync="TRUE">10272200</time></procstep><procstep><procdesc Sync="TRUE">Dataset copied.</procdesc><srcused Sync="TRUE">F:\GIS_Projects\Province\s_zambia_riversOct\s_zambia_riversOct</srcused><date Sync="TRUE">20071123</date><time Sync="TRUE">11290300</time></procstep><procstep><procdesc Sync="TRUE">Dataset moved.</procdesc><srcused Sync="TRUE">F:\GIS_Projects\Province\s_zambia_riversOct\kaza_rivers_oct07</srcused><date Sync="TRUE">20071123</date><time Sync="TRUE">11303400</time></procstep><procstep><procdesc Sync="TRUE">Dataset copied.</procdesc><srcused Sync="TRUE">F:\GIS_Projects\Province\Shape\kaza_rivers_oct07</srcused><date Sync="TRUE">20080715</date><time Sync="TRUE">11545000</time></procstep><procstep><procdesc Sync="TRUE">Dataset copied.</procdesc><srcused Sync="TRUE">\\Gis-new\Data_F\GIS_Projects\Province\Southern_Western.gdb</srcused><procdate Sync="TRUE">20090219</procdate><proctime Sync="TRUE">12392500</proctime></procstep><procstep><procdesc Sync="TRUE">Dataset copied.</procdesc><srcused Sync="TRUE">\\GIS-NEW\F$\GIS_Projects\Province\Hydrogeography.gdb</srcused><date Sync="TRUE">20090226</date><time Sync="TRUE">09384800</time></procstep><procstep><procdesc Sync="TRUE">Dataset copied.</procdesc><srcused Sync="TRUE">\\Gis-new\Data_F\GIS_Projects\Province\Geodata_Province.gdb</srcused><procdate Sync="TRUE">20090825</procdate><proctime Sync="TRUE">10291900</proctime></procstep><procstep><procdesc Sync="TRUE">Dataset copied.</procdesc><srcused Sync="TRUE">\\Gis-new\Data_F\GIS_Projects\Province\Geodata_Province.gdb</srcused><procdate Sync="TRUE">20090825</procdate><proctime Sync="TRUE">10382400</proctime></procstep><procstep><procdesc Sync="TRUE">Dataset copied.</procdesc><srcused Sync="TRUE">\\Gis-new\Data (F)\GIS_Projects\Province\Geodata_Province.gdb</srcused><procdate Sync="TRUE">20110623</procdate><proctime Sync="TRUE">12065700</proctime></procstep></lineage></dataqual><mdContact><rpIndName>Sheiba Muchindu</rpIndName><rpOrgName>Provincial Centre for GIS (PCGIS)</rpOrgName><rpPosName>GIS and Information Expert</rpPosName><rpCntInfo><cntAddress><delPoint>Mosi-oa-Tunya House, room 223</delPoint><city>Livingstone</city><eMailAdd>pcgisinfo@gmail.com</eMailAdd><country>zm</country></cntAddress><cntPhone><voiceNum>0213-322131</voiceNum></cntPhone></rpCntInfo><role><RoleCd value="002"></RoleCd></role></mdContact><dqInfo><dataLineage><statement>Was digitized from an Earth Sat Image obtained from Peace Parks Foundation</statement></dataLineage><dqScope><scpLvl><ScopeCd value="005"></ScopeCd></scpLvl></dqScope></dqInfo></metadata>
