<?xml version="1.0" encoding="UTF-8"?>
<metadata xml:lang="en"><Esri><CreaDate>20150305</CreaDate><CreaTime>09534600</CreaTime><SyncOnce>FALSE</SyncOnce><SyncDate>20150305</SyncDate><SyncTime>09522700</SyncTime><ModDate>20150305</ModDate><ModTime>09522700</ModTime><DataProperties><lineage><Process ToolSource="C:\Program Files\ArcGIS\ArcToolbox\Toolboxes\Conversion Tools.tbx\FeatureClassToFeatureClass" Date="20100127" Time="160857">FeatureClassToFeatureClass F:\Temp\roads_names_joined.shp F:\GIS_Clientdata\Prov_Roads_Dept\streetmap_sp.gdb roads_names_joined # "OBJECTID 'OBJECTID' true true false 9 Long 0 9 ,First,#,F:\Temp\roads_names_joined.shp,OBJECTID,-1,-1;ET_ID 'ET_ID' true true false 30 Text 0 0 ,First,#,F:\Temp\roads_names_joined.shp,ET_ID,-1,-1;Shape_Leng 'Shape_Leng' true true false 19 Double 0 0 ,First,#,F:\Temp\roads_names_joined.shp,Shape_Leng,-1,-1;NAME 'NAME' true true false 8 Text 0 0 ,First,#,F:\Temp\roads_names_joined.shp,NAME,-1,-1;CODE 'CODE' true true false 9 Long 0 9 ,First,#,F:\Temp\roads_names_joined.shp,CODE,-1,-1;Ftype_sub 'Ftype_sub' true true false 9 Long 0 9 ,First,#,F:\Temp\roads_names_joined.shp,Ftype_sub,-1,-1" # F:\GIS_Clientdata\Prov_Roads_Dept\streetmap_sp.gdb\roads_names_joined</Process><Process ToolSource="C:\Program Files\ArcGIS\ArcToolbox\Toolboxes\Data Management Tools.tbx\Merge" Date="20100128" Time="121509">Merge roads_names_joined;roads250_sp F:\GIS_Clientdata\Prov_Roads_Dept\streetmap_sp.gdb\roads_names_joined_Merged "OBJECTID 'OBJECTID' true true false 4 Long 0 0 ,First,#,roads_names_joined,OBJECTID,-1,-1;ET_ID 'ET_ID' true true false 30 Text 0 0 ,First,#,roads_names_joined,ET_ID,-1,-1;Shape_Leng 'Shape_Leng' true true false 8 Double 0 0 ,First,#,roads_names_joined,Shape_Leng,-1,-1,roads250_sp,Shape_Leng,-1,-1;NAME 'NAME' true true false 8 Text 0 0 ,First,#,roads_names_joined,NAME,-1,-1,roads250_sp,NAME,-1,-1;CODE 'CODE' true true false 4 Long 0 0 ,First,#,roads_names_joined,CODE,-1,-1,roads250_sp,CODE,-1,-1;Ftype_sub 'Ftype_sub' true true false 4 Long 0 0 ,First,#,roads_names_joined,Ftype_sub,-1,-1,roads250_sp,Ftype_sub,-1,-1;Shape_Length 'Shape_Length' false true true 8 Double 0 0 ,First,#,roads_names_joined,Shape_Length,-1,-1,roads250_sp,Shape_Length,-1,-1;ROADS_ 'ROADS_' true true false 8 Double 0 0 ,First,#,roads250_sp,ROADS_,-1,-1;ROADS_ID 'ROADS_ID' true true false 8 Double 0 0 ,First,#,roads250_sp,ROADS_ID,-1,-1;Source 'Source' true true false 50 Text 0 0 ,First,#,roads250_sp,Source,-1,-1;ET_FNode 'ET_FNode' true true false 4 Long 0 0 ,First,#,roads250_sp,ET_FNode,-1,-1;ET_TNode 'ET_TNode' true true false 4 Long 0 0 ,First,#,roads250_sp,ET_TNode,-1,-1"</Process><Process ToolSource="C:\Program Files\ArcGIS\ArcToolbox\Toolboxes\Conversion Tools.tbx\FeatureClassToFeatureClass" Date="20100128" Time="122246">FeatureClassToFeatureClass F:\GIS_Clientdata\Prov_Roads_Dept\roads_names_joined_merged_2.shp F:\GIS_Clientdata\Prov_Roads_Dept\streetmap_sp.gdb roads_names_joined_merged # "OBJECTID_1 'OBJECTID_1' true true false 9 Long 0 9 ,First,#,F:\GIS_Clientdata\Prov_Roads_Dept\roads_names_joined_merged_2.shp,OBJECTID_1,-1,-1;OBJECTID 'OBJECTID' true true false 9 Long 0 9 ,First,#,F:\GIS_Clientdata\Prov_Roads_Dept\roads_names_joined_merged_2.shp,OBJECTID,-1,-1;ET_ID 'ET_ID' true true false 30 Text 0 0 ,First,#,F:\GIS_Clientdata\Prov_Roads_Dept\roads_names_joined_merged_2.shp,ET_ID,-1,-1;Shape_Leng 'Shape_Leng' true true false 19 Double 0 0 ,First,#,F:\GIS_Clientdata\Prov_Roads_Dept\roads_names_joined_merged_2.shp,Shape_Leng,-1,-1;NAME 'NAME' true true false 8 Text 0 0 ,First,#,F:\GIS_Clientdata\Prov_Roads_Dept\roads_names_joined_merged_2.shp,NAME,-1,-1;CODE 'CODE' true true false 9 Long 0 9 ,First,#,F:\GIS_Clientdata\Prov_Roads_Dept\roads_names_joined_merged_2.shp,CODE,-1,-1;Ftype_sub 'Ftype_sub' true true false 9 Long 0 9 ,First,#,F:\GIS_Clientdata\Prov_Roads_Dept\roads_names_joined_merged_2.shp,Ftype_sub,-1,-1;ROADS_ 'ROADS_' true true false 19 Double 0 0 ,First,#,F:\GIS_Clientdata\Prov_Roads_Dept\roads_names_joined_merged_2.shp,ROADS_,-1,-1;ROADS_ID 'ROADS_ID' true true false 19 Double 0 0 ,First,#,F:\GIS_Clientdata\Prov_Roads_Dept\roads_names_joined_merged_2.shp,ROADS_ID,-1,-1;Source 'Source' true true false 50 Text 0 0 ,First,#,F:\GIS_Clientdata\Prov_Roads_Dept\roads_names_joined_merged_2.shp,Source,-1,-1;ET_FNode 'ET_FNode' true true false 9 Long 0 9 ,First,#,F:\GIS_Clientdata\Prov_Roads_Dept\roads_names_joined_merged_2.shp,ET_FNode,-1,-1;ET_TNode 'ET_TNode' true true false 9 Long 0 9 ,First,#,F:\GIS_Clientdata\Prov_Roads_Dept\roads_names_joined_merged_2.shp,ET_TNode,-1,-1;Shape_Le_1 'Shape_Le_1' true true false 19 Double 0 0 ,First,#,F:\GIS_Clientdata\Prov_Roads_Dept\roads_names_joined_merged_2.shp,Shape_Le_1,-1,-1" # F:\GIS_Clientdata\Prov_Roads_Dept\streetmap_sp.gdb\roads_names_joined_merged</Process><Process ToolSource="C:\Program Files\ArcGIS\ArcToolbox\Toolboxes\Conversion Tools.tbx\FeatureClassToFeatureClass" Date="20100208" Time="122614">FeatureClassToFeatureClass F:\GIS_Clientdata\Prov_Roads_Dept\streetmap_sp.gdb\roads_names_joined_merged F:\GIS_Projects\Province\Geodata_Province.gdb roads_sp # "OBJECTID 'OBJECTID' true true false 4 Long 0 0 ,First,#,F:\GIS_Clientdata\Prov_Roads_Dept\streetmap_sp.gdb\roads_names_joined_merged,OBJECTID,-1,-1;NAME 'NAME' true true false 8 Text 0 0 ,First,#,F:\GIS_Clientdata\Prov_Roads_Dept\streetmap_sp.gdb\roads_names_joined_merged,NAME,-1,-1;CODE 'CODE' true true false 4 Long 0 0 ,First,#,F:\GIS_Clientdata\Prov_Roads_Dept\streetmap_sp.gdb\roads_names_joined_merged,CODE,-1,-1;Ftype_sub 'Ftype_sub' true true false 4 Long 0 0 ,First,#,F:\GIS_Clientdata\Prov_Roads_Dept\streetmap_sp.gdb\roads_names_joined_merged,Ftype_sub,-1,-1;Source 'Source' true true false 50 Text 0 0 ,First,#,F:\GIS_Clientdata\Prov_Roads_Dept\streetmap_sp.gdb\roads_names_joined_merged,Source,-1,-1;Shape_Length 'Shape_Length' false true true 8 Double 0 0 ,First,#,F:\GIS_Clientdata\Prov_Roads_Dept\streetmap_sp.gdb\roads_names_joined_merged,Shape_Length,-1,-1" # F:\GIS_Projects\Province\Geodata_Province.gdb\roads_sp</Process><Process ToolSource="C:\Program Files\ArcGIS\ArcToolbox\Toolboxes\Data Management Tools.tbx\CopyFeatures" Date="20110328" Time="102203">CopyFeatures F:\GIS_Projects\Province\Geodata_Province.gdb\roads_sp_all "F:\Temp\Southern Province\roads_sp_all.shp" # 0 0 0</Process><Process ToolSource="c:\program files (x86)\arcgis\desktop10.1\ArcToolbox\Toolboxes\Data Management Tools.tbx\Project" Date="20150305" Time="095142">Project roads_sp_all C:\Users\GARY\Documents\ArcGIS\Default.gdb\roads_sp_all_Project PROJCS['WGS_1984_UTM_Zone_35S',GEOGCS['GCS_WGS_1984',DATUM['D_WGS_1984',SPHEROID['WGS_1984',6378137.0,298.257223563]],PRIMEM['Greenwich',0.0],UNIT['Degree',0.0174532925199433]],PROJECTION['Transverse_Mercator'],PARAMETER['False_Easting',500000.0],PARAMETER['False_Northing',10000000.0],PARAMETER['Central_Meridian',27.0],PARAMETER['Scale_Factor',0.9996],PARAMETER['Latitude_Of_Origin',0.0],UNIT['Meter',1.0]] Arc_1950_To_WGS_1984_8 PROJCS['Arc_1950_UTM_Zone_35S',GEOGCS['GCS_Arc_1950',DATUM['D_Arc_1950',SPHEROID['Clarke_1880_Arc',6378249.145,293.466307656]],PRIMEM['Greenwich',0.0],UNIT['Degree',0.0174532925199433]],PROJECTION['Transverse_Mercator'],PARAMETER['False_Easting',500000.0],PARAMETER['False_Northing',10000000.0],PARAMETER['Central_Meridian',27.0],PARAMETER['Scale_Factor',0.9996],PARAMETER['Latitude_Of_Origin',0.0],UNIT['Meter',1.0]]</Process><Process ToolSource="c:\program files (x86)\arcgis\desktop10.1\ArcToolbox\Toolboxes\Analysis Tools.tbx\Clip" Date="20150305" Time="095227">Clip roads_sp_all_Project choma_wards_population2000 C:\Users\GARY\Documents\ArcGIS\Default.gdb\roads_sp_all_Project_Clip #</Process></lineage><itemProps><itemLocation><linkage Sync="TRUE">file://\\GARY-PC\Users\GARY\Documents\ArcGIS\Default.gdb</linkage><protocol Sync="TRUE">Local Area Network</protocol></itemLocation><itemName Sync="TRUE">roads_sp_all_Project_Clip</itemName><imsContentType Sync="TRUE">002</imsContentType></itemProps><coordRef><type Sync="TRUE">Projected</type><geogcsn Sync="TRUE">GCS_WGS_1984</geogcsn><csUnits Sync="TRUE">Linear Unit: Meter (1.000000)</csUnits><projcsn Sync="TRUE">WGS_1984_UTM_Zone_35S</projcsn><peXml Sync="TRUE">&lt;ProjectedCoordinateSystem xsi:type='typens:ProjectedCoordinateSystem' xmlns:xsi='http://www.w3.org/2001/XMLSchema-instance' xmlns:xs='http://www.w3.org/2001/XMLSchema' xmlns:typens='http://www.esri.com/schemas/ArcGIS/10.1'&gt;&lt;WKT&gt;PROJCS[&amp;quot;WGS_1984_UTM_Zone_35S&amp;quot;,GEOGCS[&amp;quot;GCS_WGS_1984&amp;quot;,DATUM[&amp;quot;D_WGS_1984&amp;quot;,SPHEROID[&amp;quot;WGS_1984&amp;quot;,6378137.0,298.257223563]],PRIMEM[&amp;quot;Greenwich&amp;quot;,0.0],UNIT[&amp;quot;Degree&amp;quot;,0.0174532925199433]],PROJECTION[&amp;quot;Transverse_Mercator&amp;quot;],PARAMETER[&amp;quot;False_Easting&amp;quot;,500000.0],PARAMETER[&amp;quot;False_Northing&amp;quot;,10000000.0],PARAMETER[&amp;quot;Central_Meridian&amp;quot;,27.0],PARAMETER[&amp;quot;Scale_Factor&amp;quot;,0.9996],PARAMETER[&amp;quot;Latitude_Of_Origin&amp;quot;,0.0],UNIT[&amp;quot;Meter&amp;quot;,1.0],AUTHORITY[&amp;quot;EPSG&amp;quot;,32735]]&lt;/WKT&gt;&lt;XOrigin&gt;-5120900&lt;/XOrigin&gt;&lt;YOrigin&gt;1900&lt;/YOrigin&gt;&lt;XYScale&gt;10000&lt;/XYScale&gt;&lt;ZOrigin&gt;-100000&lt;/ZOrigin&gt;&lt;ZScale&gt;10000&lt;/ZScale&gt;&lt;MOrigin&gt;-100000&lt;/MOrigin&gt;&lt;MScale&gt;10000&lt;/MScale&gt;&lt;XYTolerance&gt;0.001&lt;/XYTolerance&gt;&lt;ZTolerance&gt;0.001&lt;/ZTolerance&gt;&lt;MTolerance&gt;0.001&lt;/MTolerance&gt;&lt;HighPrecision&gt;true&lt;/HighPrecision&gt;&lt;WKID&gt;32735&lt;/WKID&gt;&lt;LatestWKID&gt;32735&lt;/LatestWKID&gt;&lt;/ProjectedCoordinateSystem&gt;</peXml></coordRef></DataProperties><ArcGISFormat>1.0</ArcGISFormat></Esri><idinfo><native Sync="TRUE">Microsoft Windows XP Version 5.1 (Build 2600) Service Pack 3; ESRI ArcCatalog 9.3.1.3000</native><descript><langdata Sync="TRUE">en</langdata><abstract>REQUIRED: A brief narrative summary of the data set.</abstract><purpose>REQUIRED: A summary of the intentions with which the data set was developed.</purpose></descript><citation><citeinfo><origin>REQUIRED: The name of an organization or individual that developed the data set.</origin><pubdate>REQUIRED: The date when the data set is published or otherwise made available for release.</pubdate><title Sync="TRUE">roads_sp_all</title><ftname Sync="TRUE">roads_sp_all</ftname><geoform Sync="TRUE">vector digital data</geoform><onlink Sync="TRUE">\\GIS-NEW\F\Temp\Southern Province\roads_sp_all.shp</onlink></citeinfo></citation><timeperd><current>REQUIRED: The basis on which the time period of content information is determined.</current><timeinfo><sngdate><caldate>REQUIRED: The year (and optionally month, or month and day) for which the data set corresponds to the ground.</caldate></sngdate></timeinfo></timeperd><status><progress>REQUIRED: The state of the data set.</progress><update>REQUIRED: The frequency with which changes and additions are made to the data set after the initial data set is completed.</update></status><spdom><bounding><westbc Sync="TRUE">24.236815</westbc><eastbc Sync="TRUE">28.933452</eastbc><northbc Sync="TRUE">-15.271499</northbc><southbc Sync="TRUE">-18.004193</southbc></bounding><lboundng><leftbc Sync="TRUE">207357.363200</leftbc><rightbc Sync="TRUE">704722.922300</rightbc><bottombc Sync="TRUE">8009523.645400</bottombc><topbc Sync="TRUE">8309960.233000</topbc></lboundng></spdom><keywords><theme><themekt>REQUIRED: Reference to a formally registered thesaurus or a similar authoritative source of theme keywords.</themekt><themekey>REQUIRED: Common-use word or phrase used to describe the subject of the data set.</themekey></theme></keywords><accconst>REQUIRED: Restrictions and legal prerequisites for accessing the data set.</accconst><useconst>REQUIRED: Restrictions and legal prerequisites for using the data set after access is granted.</useconst><natvform Sync="TRUE">Shapefile</natvform></idinfo><dataIdInfo><envirDesc Sync="TRUE">Microsoft Windows 7 Version 6.1 (Build 7601) Service Pack 1; Esri ArcGIS 10.1.0.3035</envirDesc><dataLang><languageCode Sync="TRUE" value="eng"></languageCode><countryCode value="USA" Sync="TRUE"></countryCode></dataLang><idCitation><resTitle Sync="TRUE">roads_sp_all_Project_Clip</resTitle><presForm><PresFormCd Sync="TRUE" value="005"></PresFormCd></presForm></idCitation><dataExt><geoEle><GeoBndBox esriExtentType="native"><westBL Sync="TRUE">207357.3632</westBL><eastBL Sync="TRUE">704722.9223</eastBL><northBL Sync="TRUE">8309960.233</northBL><southBL Sync="TRUE">8009523.6454</southBL><exTypeCode Sync="TRUE">1</exTypeCode></GeoBndBox></geoEle></dataExt><geoBox esriExtentType="decdegrees"><westBL Sync="TRUE">24.236815</westBL><eastBL Sync="TRUE">28.933452</eastBL><northBL Sync="TRUE">-15.271499</northBL><southBL Sync="TRUE">-18.004193</southBL><exTypeCode Sync="TRUE">1</exTypeCode></geoBox><spatRpType><SpatRepTypCd Sync="TRUE" value="001"></SpatRepTypCd></spatRpType></dataIdInfo><metainfo><langmeta Sync="TRUE">en</langmeta><metstdn Sync="TRUE">FGDC Content Standards for Digital Geospatial Metadata</metstdn><metstdv Sync="TRUE">FGDC-STD-001-1998</metstdv><mettc Sync="TRUE">local time</mettc><metc><cntinfo><cntorgp><cntper>REQUIRED: The person responsible for the metadata information.</cntper><cntorg>REQUIRED: The organization responsible for the metadata information.</cntorg></cntorgp><cntaddr><addrtype>REQUIRED: The mailing and/or physical address for the organization or individual.</addrtype><city>REQUIRED: The city of the address.</city><state>REQUIRED: The state or province of the address.</state><postal>REQUIRED: The ZIP or other postal code of the address.</postal></cntaddr><cntvoice>REQUIRED: The telephone number by which individuals can speak to the organization or individual.</cntvoice></cntinfo></metc><metd Sync="TRUE">20110328</metd></metainfo><mdLang><languageCode Sync="TRUE" value="eng"></languageCode><countryCode value="USA" Sync="TRUE"></countryCode></mdLang><mdStanName Sync="TRUE">ISO 19115 Geographic Information - Metadata</mdStanName><mdStanVer Sync="TRUE">DIS_ESRI1.0</mdStanVer><mdChar><CharSetCd Sync="TRUE" value="004"></CharSetCd></mdChar><mdHrLv><ScopeCd Sync="TRUE" value="005"></ScopeCd></mdHrLv><mdHrLvName Sync="TRUE">dataset</mdHrLvName><distinfo><resdesc Sync="TRUE">Downloadable Data</resdesc><stdorder><digform><digtinfo><transize Sync="TRUE">0.000</transize><dssize Sync="TRUE">0.000</dssize></digtinfo></digform></stdorder></distinfo><distInfo><distributor><distorTran><onLineSrc><orDesc Sync="TRUE">002</orDesc><linkage Sync="TRUE">file://\\GIS-NEW\F\Temp\Southern Province\roads_sp_all.shp</linkage><protocol Sync="TRUE">Local Area Network</protocol></onLineSrc><transSize Sync="TRUE">0.000</transSize></distorTran><distorFormat><formatName Sync="TRUE">Shapefile</formatName></distorFormat></distributor><distFormat><formatName Sync="TRUE">File Geodatabase Feature Class</formatName></distFormat></distInfo><spdoinfo><direct Sync="TRUE">Vector</direct><ptvctinf><esriterm Name="roads_sp_all_Project_Clip"><efeatyp Sync="TRUE">Simple</efeatyp><efeageom code="3" Sync="TRUE"></efeageom><esritopo Sync="TRUE">FALSE</esritopo><efeacnt Sync="TRUE">0</efeacnt><spindex Sync="TRUE">TRUE</spindex><linrefer Sync="TRUE">FALSE</linrefer></esriterm></ptvctinf></spdoinfo><spref><horizsys><cordsysn><geogcsn Sync="TRUE">GCS_Arc_1950</geogcsn><projcsn Sync="TRUE">Arc_1950_UTM_Zone_35S</projcsn></cordsysn><planar><planci><plance Sync="TRUE">coordinate pair</plance><plandu Sync="TRUE">meters</plandu><coordrep><absres Sync="TRUE">0.000000</absres><ordres Sync="TRUE">0.000000</ordres></coordrep></planci></planar><geodetic><horizdn Sync="TRUE">D_Arc_1950</horizdn><ellips Sync="TRUE">Clarke_1880_Arc</ellips><semiaxis Sync="TRUE">6378249.145000</semiaxis><denflat Sync="TRUE">293.466308</denflat></geodetic></horizsys></spref><refSysInfo><RefSystem><refSysID><identCode Sync="TRUE" value="32735">Arc_1950_UTM_Zone_35S</identCode><idCodeSpace Sync="TRUE">EPSG</idCodeSpace><idVersion Sync="TRUE">7.9.4</idVersion></refSysID></RefSystem></refSysInfo><spatRepInfo><VectSpatRep><geometObjs Name="roads_sp_all_Project_Clip"><geoObjTyp><GeoObjTypCd value="002" Sync="TRUE"></GeoObjTypCd></geoObjTyp><geoObjCnt Sync="TRUE">0</geoObjCnt></geometObjs><topLvl><TopoLevCd value="001" Sync="TRUE"></TopoLevCd></topLvl></VectSpatRep></spatRepInfo><eainfo><detailed Name="roads_sp_all_Project_Clip"><enttyp><enttypl Sync="TRUE">roads_sp_all_Project_Clip</enttypl><enttypt Sync="TRUE">Feature Class</enttypt><enttypc Sync="TRUE">0</enttypc></enttyp><attr><attrlabl Sync="TRUE">Shape</attrlabl><attalias Sync="TRUE">Shape</attalias><attrtype Sync="TRUE">Geometry</attrtype><attwidth Sync="TRUE">0</attwidth><atprecis Sync="TRUE">0</atprecis><attscale Sync="TRUE">0</attscale><attrdef Sync="TRUE">Feature geometry.</attrdef><attrdefs Sync="TRUE">ESRI</attrdefs><attrdomv><udom Sync="TRUE">Coordinates defining the features.</udom></attrdomv></attr><attr><attrlabl Sync="TRUE">OBJECTID</attrlabl><attalias Sync="TRUE">OBJECTID</attalias><attrtype Sync="TRUE">Integer</attrtype><attwidth Sync="TRUE">4</attwidth><atprecis Sync="TRUE">0</atprecis><attscale Sync="TRUE">0</attscale></attr><attr><attrlabl Sync="TRUE">NAME</attrlabl><attalias Sync="TRUE">NAME</attalias><attrtype Sync="TRUE">String</attrtype><attwidth Sync="TRUE">8</attwidth><atprecis Sync="TRUE">0</atprecis><attscale Sync="TRUE">0</attscale></attr><attr><attrlabl Sync="TRUE">CODE</attrlabl><attalias Sync="TRUE">CODE</attalias><attrtype Sync="TRUE">Integer</attrtype><attwidth Sync="TRUE">4</attwidth><atprecis Sync="TRUE">0</atprecis><attscale Sync="TRUE">0</attscale></attr><attr><attrlabl Sync="TRUE">Ftype_sub</attrlabl><attalias Sync="TRUE">Ftype_sub</attalias><attrtype Sync="TRUE">Integer</attrtype><attwidth Sync="TRUE">4</attwidth><atprecis Sync="TRUE">0</atprecis><attscale Sync="TRUE">0</attscale></attr><attr><attrlabl Sync="TRUE">OBJECTID_1</attrlabl><attalias Sync="TRUE">OBJECTID_1</attalias><attrtype Sync="TRUE">OID</attrtype><attwidth Sync="TRUE">4</attwidth><atprecis Sync="TRUE">0</atprecis><attscale Sync="TRUE">0</attscale><attrdef Sync="TRUE">Internal feature number.</attrdef><attrdefs Sync="TRUE">Esri</attrdefs><attrdomv><udom Sync="TRUE">Sequential unique whole numbers that are automatically generated.</udom></attrdomv></attr><attr><attrlabl Sync="TRUE">Source</attrlabl><attalias Sync="TRUE">Source</attalias><attrtype Sync="TRUE">String</attrtype><attwidth Sync="TRUE">50</attwidth><atprecis Sync="TRUE">0</atprecis><attscale Sync="TRUE">0</attscale></attr><subtype><stname Sync="TRUE">Trunk Road</stname><stcode Sync="TRUE">0</stcode><stfield><stfldnm Sync="TRUE">Ftype_sub</stfldnm><stflddv Sync="TRUE">0</stflddv></stfield><stfield><stfldnm Sync="TRUE">ET_FNode</stfldnm><stflddv Sync="TRUE">0</stflddv></stfield><stfield><stfldnm Sync="TRUE">ET_TNode</stfldnm><stflddv Sync="TRUE">0</stflddv></stfield></subtype><subtype><stname Sync="TRUE">Main Road</stname><stcode Sync="TRUE">1</stcode><stfield><stfldnm Sync="TRUE">Ftype_sub</stfldnm><stflddv Sync="TRUE">0</stflddv></stfield><stfield><stfldnm Sync="TRUE">ET_FNode</stfldnm><stflddv Sync="TRUE">0</stflddv></stfield><stfield><stfldnm Sync="TRUE">ET_TNode</stfldnm><stflddv Sync="TRUE">0</stflddv></stfield></subtype><subtype><stname Sync="TRUE">District Road</stname><stcode Sync="TRUE">2</stcode><stfield><stfldnm Sync="TRUE">Ftype_sub</stfldnm><stflddv Sync="TRUE">0</stflddv></stfield><stfield><stfldnm Sync="TRUE">ET_FNode</stfldnm><stflddv Sync="TRUE">0</stflddv></stfield><stfield><stfldnm Sync="TRUE">ET_TNode</stfldnm><stflddv Sync="TRUE">0</stflddv></stfield></subtype><subtype><stname Sync="TRUE">Motorable Track</stname><stcode Sync="TRUE">3</stcode><stfield><stfldnm Sync="TRUE">Ftype_sub</stfldnm><stflddv Sync="TRUE">0</stflddv></stfield><stfield><stfldnm Sync="TRUE">ET_FNode</stfldnm><stflddv Sync="TRUE">0</stflddv></stfield><stfield><stfldnm Sync="TRUE">ET_TNode</stfldnm><stflddv Sync="TRUE">0</stflddv></stfield></subtype><subtype><stname Sync="TRUE">Track</stname><stcode Sync="TRUE">4</stcode><stfield><stfldnm Sync="TRUE">Ftype_sub</stfldnm><stflddv Sync="TRUE">0</stflddv></stfield><stfield><stfldnm Sync="TRUE">ET_FNode</stfldnm><stflddv Sync="TRUE">0</stflddv></stfield><stfield><stfldnm Sync="TRUE">ET_TNode</stfldnm><stflddv Sync="TRUE">0</stflddv></stfield></subtype><attr><attrlabl Sync="TRUE">Shape_Leng</attrlabl><attalias Sync="TRUE">Shape_Leng</attalias><attrtype Sync="TRUE">Double</attrtype><attwidth Sync="TRUE">8</attwidth><atprecis Sync="TRUE">0</atprecis><attscale Sync="TRUE">0</attscale></attr><attr><attrlabl Sync="TRUE">Shape_Length</attrlabl><attalias Sync="TRUE">Shape_Length</attalias><attrtype Sync="TRUE">Double</attrtype><attwidth Sync="TRUE">8</attwidth><atprecis Sync="TRUE">0</atprecis><attscale Sync="TRUE">0</attscale><attrdef Sync="TRUE">Length of feature in internal units.</attrdef><attrdefs Sync="TRUE">Esri</attrdefs><attrdomv><udom Sync="TRUE">Positive real numbers that are automatically generated.</udom></attrdomv></attr></detailed></eainfo><mdDateSt Sync="TRUE">20150305</mdDateSt><dataqual><lineage><procstep><procdesc Sync="TRUE">Dataset copied.</procdesc><srcused Sync="TRUE">\\Gis-new\Data_F\GIS_Clientdata\Prov_Roads_Dept\streetmap_sp.gdb</srcused><procdate Sync="TRUE">20100128</procdate><proctime Sync="TRUE">12172900</proctime></procstep></lineage></dataqual></metadata>
